Page,Title,Price,Sold Date,Link,Image Link,Storage,Condition,PartsOnly,Model,Galaxy_S22_Ultra
1,Samsung Galaxy S22 Ultra 128GB S908U Unlocked - Good,$250.99,2025-10-29,https://www.ebay.com/itm/256412927142,https://i.ebayimg.com/images/g/SrcAAeSwd1loL7rV/s-l500.webp,128 GB,Good,False,Galaxy S22 Ultra,True
1,Samsung Galaxy S22 Ultra 512GB S908U Unlocked - Good,$298.99,2025-10-29,https://www.ebay.com/itm/256497629590,https://i.ebayimg.com/images/g/0woAAeSwEFRoL1Ke/s-l500.webp,512 GB,Good,False,Galaxy S22 Ultra,True
1,Samsung Galaxy S22 Ultra 512GB Unlocked ATT T-Mobile Verizon Excellent Condition,$376.95,2025-10-29,https://www.ebay.com/itm/306175185652,https://i.ebayimg.com/images/g/96kAAOSwQDdn4arP/s-l500.webp,512 GB,Excellent,False,Galaxy S22 Ultra,True
1,Samsung Galaxy S22 Ultra 512GB S908U Unlocked - Very Good,$325.99,2025-10-29,https://www.ebay.com/itm/256483219243,https://i.ebayimg.com/images/g/yTQAAeSwKCRoL7rq/s-l500.webp,512 GB,Very Good,False,Galaxy S22 Ultra,True
1,Samsung Galaxy S22 Ultra SM-S908U1 Unlocked 128GB Phantom Black Good,$269.99,2025-10-28,https://www.ebay.com/itm/176490035899,https://i.ebayimg.com/images/g/qW4AAOSwj61mouUK/s-l500.webp,128 GB,Good,False,Galaxy S22 Ultra,True
1,Samsung Galaxy S22 Ultra 128GB S908U Unlocked - Very Good,$263.99,2025-10-28,https://www.ebay.com/itm/256363270963,https://i.ebayimg.com/images/g/rQcAAeSwKdVoL7o7/s-l500.webp,128 GB,Very Good,False,Galaxy S22 Ultra,True
1,Samsung Galaxy S22 Ultra 128GB S908U Unlocked - Excellent,$278.99,2025-10-28,https://www.ebay.com/itm/256363262192,https://i.ebayimg.com/images/g/yXQAAeSwN2JoL5bK/s-l500.webp,128 GB,Excellent,False,Galaxy S22 Ultra,True
1,Samsung Galaxy S22 Ultra 256GB S908U Unlocked - Very Good,$297.99,2025-10-28,https://www.ebay.com/itm/256483219323,https://i.ebayimg.com/images/g/IYwAAeSwAMdoN4JM/s-l500.webp,256 GB,Very Good,False,Galaxy S22 Ultra,True
1,Samsung Galaxy S22 Ultra 256GB S908U Unlocked - Good,$279.99,2025-10-28,https://www.ebay.com/itm/256459409583,https://i.ebayimg.com/images/g/PVEAAeSwf21oL2S-/s-l500.webp,256 GB,Good,False,Galaxy S22 Ultra,True
1,Samsung Galaxy S22 Ultra 128GB 256GB S908U Unlocked Smartphone - Good,$249.99,2025-10-28,https://www.ebay.com/itm/157238959320,https://i.ebayimg.com/images/g/VA0AAeSwGw1om2wY/s-l500.webp,128 GB,Good,False,Galaxy S22 Ultra,True
1,Samsung Galaxy S22 Ultra 256GB S908U Unlocked - Excellent,$316.99,2025-10-28,https://www.ebay.com/itm/256483219301,https://i.ebayimg.com/images/g/MiYAAeSwtIpoL0-7/s-l500.webp,256 GB,Excellent,False,Galaxy S22 Ultra,True
1,Samsung Galaxy S22 Ultra 128GB [SM-S908U] Phantom Black (Unlocked) 5197 ⚠️READ⚠️,$259.99,2025-05-01,https://www.ebay.com/itm/116580190210,https://i.ebayimg.com/images/g/4yQAAOSwN0RoEB7R/s-l500.webp,128 GB,Unknown,False,Galaxy S22 Ultra,True
1,Samsung Galaxy S22 Ultra 256GB (Unlocked) - Phantom Black,$339.98,2025-10-28,https://www.ebay.com/itm/146925883895,https://i.ebayimg.com/images/g/BY4AAeSwdndpARir/s-l500.webp,256 GB,Unknown,False,Galaxy S22 Ultra,True
1,Samsung Galaxy S22 Ultra 128GB Unlocked AT&T T-Mobile Verizon Good Condition,$260.95,2025-10-28,https://www.ebay.com/itm/306175185491,https://i.ebayimg.com/images/g/OcIAAOSwTp9n4arE/s-l500.webp,128 GB,Good,False,Galaxy S22 Ultra,True
1,Samsung Galaxy S22 Ultra S908U Unlocked T-Mobile AT&T Mint Verizon 256GB 512GB,$225.59,2025-10-28,https://www.ebay.com/itm/286836639200,https://i.ebayimg.com/images/g/i1UAAOSwcx5oE6xD/s-l500.webp,256 GB,Unknown,False,Galaxy S22 Ultra,True
1,Samsung Galaxy S22 Ultra S908 128GB Unlocked - Excellent,$313.95,2025-10-28,https://www.ebay.com/itm/406309146295,https://i.ebayimg.com/images/g/TtcAAOSwgkBmln8M/s-l500.webp,128 GB,Excellent,False,Galaxy S22 Ultra,True
1,Samsung Galaxy S22 Ultra S908 128GB Unlocked - Very Good,$298.95,2025-10-28,https://www.ebay.com/itm/389125696190,https://i.ebayimg.com/images/g/TtcAAOSwgkBmln8M/s-l500.webp,128 GB,Very Good,False,Galaxy S22 Ultra,True
1,Samsung Galaxy S22 Ultra 256GB (Unlocked) - Burgundy,$299.98,2025-10-28,https://www.ebay.com/itm/317454835800,https://i.ebayimg.com/images/g/oVwAAeSwdjNpAQCL/s-l500.webp,256 GB,Unknown,False,Galaxy S22 Ultra,True
1,Samsung Galaxy S22 Ultra 256GB (Unlocked) - Green,$319.98,2025-10-28,https://www.ebay.com/itm/317476087495,https://i.ebayimg.com/images/g/0gUAAeSwtTRpAQrQ/s-l500.webp,256 GB,Unknown,False,Galaxy S22 Ultra,True
1,Samsung Galaxy S22 Ultra 128GB Unlocked ATT T-Mobile Verizon Very Good Condition,$273.95,2025-10-28,https://www.ebay.com/itm/306161970651,https://i.ebayimg.com/images/g/G~sAAOSwv45n4apr/s-l500.webp,128 GB,Very Good,False,Galaxy S22 Ultra,True
1,Samsung Galaxy S22 Ultra 128GB Unlocked ATT T-Mobile Verizon Excellent Condition,$302.95,2025-10-28,https://www.ebay.com/itm/306164733587,https://i.ebayimg.com/images/g/7fgAAOSwav5n4aqh/s-l500.webp,128 GB,Excellent,False,Galaxy S22 Ultra,True
1,Samsung Galaxy S22 Ultra 256GB (Unlocked) - Phantom Black,$299.95,2025-10-28,https://www.ebay.com/itm/316831097582,https://i.ebayimg.com/images/g/tyoAAeSwwINpAQv~/s-l500.webp,256 GB,Unknown,False,Galaxy S22 Ultra,True
1,Samsung Galaxy S22 Ultra 512GB (Unlocked) - Sky Blue,$339.98,2025-10-28,https://www.ebay.com/itm/146925835555,https://i.ebayimg.com/images/g/qRoAAeSwEGlpAQ3L/s-l500.webp,512 GB,Unknown,False,Galaxy S22 Ultra,True
1,Samsung Galaxy S22 Ultra 5G SMS908U 256GB Unlocked Excellent Condition,$301.84,2025-10-28,https://www.ebay.com/itm/357352753667,https://i.ebayimg.com/images/g/d7UAAeSw3xpog6Aw/s-l500.webp,256 GB,Excellent,False,Galaxy S22 Ultra,True
1,Samsung Galaxy S22 Ultra 256GB (Unlocked) - Red,$299.98,2025-10-28,https://www.ebay.com/itm/317475814991,https://i.ebayimg.com/images/g/RoUAAeSw0ndpAPJS/s-l500.webp,256 GB,Unknown,False,Galaxy S22 Ultra,True
1,"Samsung Galaxy S22 Ultra 5G SM-S908U 128GB GSM/CDMA FACTORY UNLOCKED ""Good""",$279.88,2025-10-27,https://www.ebay.com/itm/364640804479,https://i.ebayimg.com/images/g/QeMAAOSwhyNlhbIA/s-l500.webp,128 GB,Good,False,Galaxy S22 Ultra,True
1,Samsung Galaxy S22 Ultra 256GB Unlocked ATT T-Mobile Verizon Excellent Condition,$349.95,2025-10-27,https://www.ebay.com/itm/297092383729,https://i.ebayimg.com/images/g/9ZYAAOSwqDFn4aqs/s-l500.webp,256 GB,Excellent,False,Galaxy S22 Ultra,True
1,Samsung Galaxy S22 Ultra 5G - 128GB Black (UNLOCKED) [SM-S908U] Very Good Refurb,$292.99,2025-10-27,https://www.ebay.com/itm/146898418977,https://i.ebayimg.com/images/g/X4wAAOSwtqFkwpn5/s-l500.webp,128 GB,Very Good,False,Galaxy S22 Ultra,True
1,Samsung Galaxy S22 Ultra 512GB S908U Unlocked - Excellent,$354.99,2025-10-27,https://www.ebay.com/itm/256483219229,https://i.ebayimg.com/images/g/E1IAAeSwsuRoL5bL/s-l500.webp,512 GB,Excellent,False,Galaxy S22 Ultra,True
1,Samsung Galaxy S22 Ultra 128GB (Unlocked) - Burgundy,$299.98,2025-10-27,https://www.ebay.com/itm/146924041749,https://i.ebayimg.com/images/g/cBkAAeSwNE9o~9CR/s-l500.webp,128 GB,Unknown,False,Galaxy S22 Ultra,True
1,Samsung Galaxy S22 Ultra 512GB (Unlocked) - Graphite,$339.98,2025-10-27,https://www.ebay.com/itm/317472252528,https://i.ebayimg.com/images/g/uX8AAeSww4lo~~sE/s-l500.webp,512 GB,Unknown,False,Galaxy S22 Ultra,True
1,Samsung Galaxy S22 Ultra SM-S908U 512GB Unlocked Very Good Condition,$398.90,2025-10-27,https://www.ebay.com/itm/357600904207,https://i.ebayimg.com/images/g/8EoAAeSwUuBowxgv/s-l500.webp,512 GB,Very Good,False,Galaxy S22 Ultra,True
1,Samsung Galaxy S22 Ultra 256GB (Unlocked) - Phantom White,$359.95,2025-10-27,https://www.ebay.com/itm/365411513994,https://i.ebayimg.com/images/g/eg4AAeSwtLJpATDp/s-l500.webp,256 GB,Unknown,False,Galaxy S22 Ultra,True
1,Samsung Galaxy S22 Ultra 256GB Unlocked ATT T-Mobile Verizon Very Good Condition,$307.95,2025-10-27,https://www.ebay.com/itm/297088937845,https://i.ebayimg.com/images/g/CgsAAOSwSk9n4amH/s-l500.webp,256 GB,Very Good,False,Galaxy S22 Ultra,True
1,Samsung Galaxy S22 Ultra 5G SM-S908B/DS - 128GB Burgundy (Unlocked) - Good Cond.,$349.99,2025-04-15,https://www.ebay.com/itm/306205429586,https://i.ebayimg.com/images/g/ogsAAOSwCmRn2tRD/s-l500.webp,128 GB,Good,False,Galaxy S22 Ultra,True
1,Samsung Galaxy S22 Ultra 5G S908U Verizon Unlocked T-Mobile Straight Cricket ATT,$237.49,2025-10-27,https://www.ebay.com/itm/226764940759,https://i.ebayimg.com/images/g/zqYAAOSwB3Fnkobv/s-l500.webp,Unknown,Unknown,False,Galaxy S22 Ultra,True
1,Samsung Galaxy S22 Ultra 256GB Unlocked AT&T T-Mobile Verizon Good Condition,$289.95,2025-10-27,https://www.ebay.com/itm/297113583526,https://i.ebayimg.com/images/g/m0cAAOSwHIVn4arb/s-l500.webp,256 GB,Good,False,Galaxy S22 Ultra,True
1,Samsung Galaxy S22 Ultra SM-S908U 128GB 8GB Unlocked Green - Excellent,$310.95,2025-10-27,https://www.ebay.com/itm/177507587257,https://i.ebayimg.com/images/g/P9UAAeSwwhZo9JcS/s-l500.webp,128 GB,Excellent,False,Galaxy S22 Ultra,True
1,Samsung Galaxy S22 Ultra 5G S908U Factory Unlocked - Good,$249.99,2025-10-27,https://www.ebay.com/itm/284821452511,https://i.ebayimg.com/images/g/dDkAAOSwRLRihrhm/s-l500.webp,Unknown,Good,False,Galaxy S22 Ultra,True
1,Samsung Galaxy S22 Ultra S908U Unlocked T-Mobile AT&T Mint Verizon 256GB 512GB,$263.19,2025-10-26,https://www.ebay.com/itm/286836637340,https://i.ebayimg.com/images/g/i1UAAOSwcx5oE6xD/s-l500.webp,256 GB,Unknown,False,Galaxy S22 Ultra,True
1,Samsung Galaxy S22 Ultra 5G 256GB Burgundy Unlocked Excellent Condition,$389.99,2025-10-26,https://www.ebay.com/itm/277154893113,https://i.ebayimg.com/images/g/RNQAAeSwbMFo~6ES/s-l500.webp,256 GB,Excellent,False,Galaxy S22 Ultra,True
1,Samsung Galaxy S22 Ultra S908U Unlocked Boost T-Mobile AT&T Mint Mobile Cricket,$225.59,2025-10-26,https://www.ebay.com/itm/286536021759,https://i.ebayimg.com/images/g/X1YAAOSw6PdoE6xE/s-l500.webp,Unknown,Unknown,False,Galaxy S22 Ultra,True
1,Samsung Galaxy S22 Ultra SM-S908U 128GB 8GB Unlocked Purple -Excellent,$297.95,2025-10-26,https://www.ebay.com/itm/406306207166,https://i.ebayimg.com/images/g/77wAAeSwJE1o9I3X/s-l500.webp,128 GB,Excellent,False,Galaxy S22 Ultra,True
1,Samsung Galaxy S22 Ultra S908U1 256GB Unlocked AT&T T-Mobile Good Refurbish,$296.99,2025-10-25,https://www.ebay.com/itm/205582719979,https://i.ebayimg.com/images/g/kZEAAOSwl2lltC5v/s-l500.webp,256 GB,Good,False,Galaxy S22 Ultra,True
1,Samsung Galaxy S22 Ultra 5G 128/256/512GB/1TB Unlocked -Refurbished Excellent,$329.99,2025-10-25,https://www.ebay.com/itm/236404958152,https://i.ebayimg.com/images/g/hHUAAOSwhuRkGg7s/s-l500.webp,512 GB,Excellent,False,Galaxy S22 Ultra,True
1,Samsung Galaxy S22 Ultra SM-S908U Unlocked 512GB Green Good,$310.30,2025-10-24,https://www.ebay.com/itm/186589083774,https://i.ebayimg.com/images/g/OW8AAOSwII9moTtg/s-l500.webp,512 GB,Good,False,Galaxy S22 Ultra,True
1,"SAMSUNG Galaxy S22 Ultra 5G (128GB, 8GB) 6.8"" Fully Unlocked US & Global S908U1",$364.57,2023-04-05,https://www.ebay.com/itm/155329959887,https://i.ebayimg.com/images/g/3hwAAeSwaPloL6SE/s-l500.webp,128 GB,Unknown,False,Galaxy S22 Ultra,True
1,"Samsung Galaxy S22 Ultra 5G, SMS908U, 128GB, Unlocked, Good Condition",$248.69,2025-10-24,https://www.ebay.com/itm/355292925883,https://i.ebayimg.com/images/g/-30AAOSwCcdlfOGo/s-l500.webp,128 GB,Good,False,Galaxy S22 Ultra,True
1,Samsung Galaxy S22 Ultra S908U1 256GB Unlocked AT&T T-Mobile Very Good Refurbish,$315.99,2025-10-24,https://www.ebay.com/itm/205582717370,https://i.ebayimg.com/images/g/kZEAAOSwl2lltC5v/s-l500.webp,256 GB,Very Good,False,Galaxy S22 Ultra,True
1,Samsung Galaxy S22 Ultra S908U1 512GB Unlocked AT&T T-Mobile Very Good Refurbish,$341.99,2025-10-24,https://www.ebay.com/itm/187038724028,https://i.ebayimg.com/images/g/kZEAAOSwl2lltC5v/s-l500.webp,512 GB,Very Good,False,Galaxy S22 Ultra,True
1,Unlocked Samsung Galaxy S22 Ultra SM-S908U 256GB 1-Year Warranty Phone Very Good,$348.49,2025-04-01,https://www.ebay.com/itm/356705563193,https://i.ebayimg.com/images/g/ASwAAOSw3VFnTeZf/s-l500.webp,256 GB,Very Good,False,Galaxy S22 Ultra,True
1,Samsung Galaxy S22 Ultra 128GB (Unlocked) - Green,$309.98,2025-10-24,https://www.ebay.com/itm/365940455625,https://i.ebayimg.com/images/g/AYMAAeSwP2JpAUvL/s-l500.webp,128 GB,Unknown,False,Galaxy S22 Ultra,True
1,Samsung Galaxy S22 Ultra 512GB Unlocked ATT T-Mobile Verizon Very Good Condition,$338.95,2025-10-23,https://www.ebay.com/itm/306161970760,https://i.ebayimg.com/images/g/T3QAAOSwQp1n4ap-/s-l500.webp,512 GB,Very Good,False,Galaxy S22 Ultra,True
1,Samsung Galaxy S22 Ultra SM-S908U Unlocked 128GB Phantom White Good,$272.85,2025-10-23,https://www.ebay.com/itm/176490092520,https://i.ebayimg.com/images/g/WOcAAOSwkslmouxI/s-l500.webp,128 GB,Good,False,Galaxy S22 Ultra,True
1,Samsung Galaxy S22 Ultra  256GB FACTORY UNLOCKED AT&T VERIZON T-MOBILE EXCELLENT,$349.48,2025-10-23,https://www.ebay.com/itm/125792100860,https://i.ebayimg.com/images/g/5BkAAOSwnP1lvqkJ/s-l500.webp,256 GB,Excellent,False,Galaxy S22 Ultra,True
1,"Samsung Galaxy S22 Ultra 5G, SMS908U, 128GB, Unlocked, Very Good Condition",$249.88,2025-10-22,https://www.ebay.com/itm/355292899197,https://i.ebayimg.com/images/g/vc8AAOSwRg9lfN0E/s-l500.webp,128 GB,Very Good,False,Galaxy S22 Ultra,True
1,Samsung Galaxy S22 Ultra Black 128GB Excellent - Refurbished  - Unlocked,$326.99,2025-09-15,https://www.ebay.com/itm/127264717596,https://i.ebayimg.com/images/g/R~8AAeSwl4RoyVsj/s-l500.webp,128 GB,Excellent,False,Galaxy S22 Ultra,True
1,Samsung Galaxy S22 Ultra Black 128GB Good - Refurbished  - Unlocked,$286.99,2025-09-08,https://www.ebay.com/itm/127264717526,https://i.ebayimg.com/images/g/1RsAAeSwU~loxKJd/s-l500.webp,128 GB,Good,False,Galaxy S22 Ultra,True
1,Samsung Galaxy S22 ULTRA 5G 512GB UNLOCKED AT&T VERIZON TMOBILE METRO EXCELLENT,$389.48,2025-10-22,https://www.ebay.com/itm/125828202549,https://i.ebayimg.com/images/g/l2YAAOSwag9jpJX5/s-l500.webp,512 GB,Excellent,False,Galaxy S22 Ultra,True
1,Samsung Galaxy S22 Ultra 5G 256GB Unlocked Very Good Condition,$282.78,2025-10-22,https://www.ebay.com/itm/356387498144,https://i.ebayimg.com/images/g/kk0AAOSwwBtnY2Ja/s-l500.webp,256 GB,Very Good,False,Galaxy S22 Ultra,True
1,Samsung Galaxy S22 Ultra - 128GB - Unlocked - Excellent Refurbished - All Colors,$390.00,2025-03-24,https://www.ebay.com/itm/156375282559,https://i.ebayimg.com/images/g/XHkAAOSwU1tnht3v/s-l500.webp,128 GB,Excellent,False,Galaxy S22 Ultra,True
1,Samsung Galaxy S22 Ultra SM-S908U Unlocked 128GB Phantom Black Good,$275.99,2025-10-21,https://www.ebay.com/itm/176486387586,https://i.ebayimg.com/images/g/~E0AAOSwlFZmoAJn/s-l500.webp,128 GB,Good,False,Galaxy S22 Ultra,True
1,Samsung Galaxy S22 Ultra  6.8in 128GB Fully Unlocked - Good,$379.00,2024-09-13,https://www.ebay.com/itm/145740672322,https://i.ebayimg.com/images/g/JfgAAeSwBEFo6RUg/s-l500.webp,128 GB,Good,False,Galaxy S22 Ultra,True
1,"Samsung Galaxy S22 Ultra - Fully Unlocked - 6.8"" - 8GB RAM - 128GB - Good",$399.99,2024-05-09,https://www.ebay.com/itm/145740854945,https://i.ebayimg.com/images/g/k3kAAeSwkHVo7NB1/s-l500.webp,128 GB,Good,False,Galaxy S22 Ultra,True
1,Samsung Galaxy S22 Ultra Fully Unlocked 512GB - Good,$409.00,2024-11-28,https://www.ebay.com/itm/166956402827,https://i.ebayimg.com/images/g/SL0AAeSwSulo79z2/s-l500.webp,512 GB,Good,False,Galaxy S22 Ultra,True
1,Samsung Galaxy S22 Ultra - Fully Unlocked - 256GB - 12GB RAM - Very Good,$405.00,2025-07-12,https://www.ebay.com/itm/135239448045,https://i.ebayimg.com/images/g/y3gAAeSwzTlopkI1/s-l500.webp,256 GB,Very Good,False,Galaxy S22 Ultra,True
1,Samsung Galaxy S22 Ultra Burgundy 128GB Good - Refurbished  - Unlocked,$263.99,2025-10-20,https://www.ebay.com/itm/127321739794,https://i.ebayimg.com/images/g/l8MAAeSwGP9o9wdE/s-l500.webp,128 GB,Good,False,Galaxy S22 Ultra,True
1,Samsung Galaxy S22 Ultra Green 256GB Good - Refurbished  - Unlocked,$329.99,2025-08-29,https://www.ebay.com/itm/127195090988,https://i.ebayimg.com/images/g/7n0AAeSwo31osa-J/s-l500.webp,256 GB,Good,False,Galaxy S22 Ultra,True
1,Samsung Galaxy S22 Ultra Burgundy 256GB Good - Refurbished  - Unlocked,$329.99,2025-09-15,https://www.ebay.com/itm/127195090943,https://i.ebayimg.com/images/g/6LQAAeSweZFox5RD/s-l500.webp,256 GB,Good,False,Galaxy S22 Ultra,True
1,Samsung Galaxy S22 Ultra Burgundy 512GB Good - Refurbished  - Unlocked,$354.99,2025-08-29,https://www.ebay.com/itm/127195090924,https://i.ebayimg.com/images/g/OZYAAeSwP9xosc6Z/s-l500.webp,512 GB,Good,False,Galaxy S22 Ultra,True
1,Samsung Galaxy S22 Ultra Burgundy 128GB Excellent - Refurbished  - Unlocked,$326.99,2025-08-27,https://www.ebay.com/itm/127195090830,https://i.ebayimg.com/images/g/DYUAAeSw19Jorwyb/s-l500.webp,128 GB,Excellent,False,Galaxy S22 Ultra,True
1,Samsung Galaxy S22 Ultra 5G Verizon Unlocked T-Mobile Straight Talk Mint Cricket,$246.99,2025-10-20,https://www.ebay.com/itm/226861175381,https://i.ebayimg.com/images/g/HewAAOSw-R1nkobv/s-l500.webp,Unknown,Unknown,False,Galaxy S22 Ultra,True
1,Samsung Galaxy S22 Ultra SM-S908U 128GB FACTORY UNLOCKED CDMA + GSM -  EXCELLENT,$299.48,2025-10-20,https://www.ebay.com/itm/134662862147,https://i.ebayimg.com/images/g/l2YAAOSwag9jpJX5/s-l500.webp,128 GB,Excellent,False,Galaxy S22 Ultra,True
1,Samsung Galaxy S22 Ultra SM-S908U - 128GB - Black (Unlocked) - Good Condition,$309.99,2025-10-19,https://www.ebay.com/itm/306552942823,https://i.ebayimg.com/images/g/lecAAOSw-SVoB475/s-l500.webp,128 GB,Good,False,Galaxy S22 Ultra,True
1,Samsung Galaxy S22 Ultra 5G S908U1 128GB 256GB 512GB Unlocked Excellent,$318.99,2025-10-19,https://www.ebay.com/itm/186378185301,https://i.ebayimg.com/images/g/kZEAAOSwl2lltC5v/s-l500.webp,128 GB,Excellent,False,Galaxy S22 Ultra,True
1,Samsung Galaxy S22 Ultra SM-S908U1 Unlocked 256GB Phantom White Good,$334.01,2025-10-17,https://www.ebay.com/itm/186586667923,https://i.ebayimg.com/images/g/56QAAOSwAAdmn~xM/s-l500.webp,256 GB,Good,False,Galaxy S22 Ultra,True
1,Samsung Galaxy S22 Ultra S908 128GB Unlocked - Very Good,$290.95,2025-10-15,https://www.ebay.com/itm/365371328940,https://i.ebayimg.com/images/g/TtcAAOSwgkBmln8M/s-l500.webp,128 GB,Very Good,False,Galaxy S22 Ultra,True
1,Samsung Galaxy S22 Ultra 512GB Unlocked AT&T T-Mobile Verizon Good Condition,$317.95,2025-10-16,https://www.ebay.com/itm/297088938040,https://i.ebayimg.com/images/g/ltkAAOSwxLFn4aqI/s-l500.webp,512 GB,Good,False,Galaxy S22 Ultra,True
1,Samsung Galaxy S22 Ultra S908 256GB Unlocked - Excellent,$337.95,2025-10-14,https://www.ebay.com/itm/405105289825,https://i.ebayimg.com/images/g/TtcAAOSwgkBmln8M/s-l500.webp,256 GB,Excellent,False,Galaxy S22 Ultra,True
1,Samsung Galaxy S22 Ultra S908 128GB Unlocked - Very Good,$290.95,2025-10-10,https://www.ebay.com/itm/387499041903,https://i.ebayimg.com/images/g/TtcAAOSwgkBmln8M/s-l500.webp,128 GB,Very Good,False,Galaxy S22 Ultra,True
1,Samsung Galaxy S22 Ultra S908 128GB Unlocked - Excellent,$304.95,2025-10-12,https://www.ebay.com/itm/365140167271,https://i.ebayimg.com/images/g/TtcAAOSwgkBmln8M/s-l500.webp,128 GB,Excellent,False,Galaxy S22 Ultra,True
1,Samsung Galaxy S22 Ultra - 128 GB - Burgundy (Unlocked) Good,$264.99,2025-10-15,https://www.ebay.com/itm/127392149850,https://i.ebayimg.com/images/g/eZYAAeSwE7do0m0f/s-l500.webp,128 GB,Good,False,Galaxy S22 Ultra,True
1,"SAMSUNG Galaxy S22 Ultra 5G (256GB, 12GB) 6.8"" Fully Unlocked US & Global S908U1",$436.99,2025-05-15,https://www.ebay.com/itm/155460317269,https://i.ebayimg.com/images/g/Rh4AAeSwnTNoL30W/s-l500.webp,256 GB,Unknown,False,Galaxy S22 Ultra,True
1,Samsung Galaxy S22 Ultra S908U1 128GB 256GB 512GB Unlocked Very Good,$299.99,2025-10-15,https://www.ebay.com/itm/186401962835,https://i.ebayimg.com/images/g/kZEAAOSwl2lltC5v/s-l500.webp,128 GB,Very Good,False,Galaxy S22 Ultra,True
1,Samsung Galaxy S22 Ultra 5G Unlocked T-Mobile Total AT&T  Mint Boost Verizon,$269.99,2025-08-21,https://www.ebay.com/itm/326686191119,https://i.ebayimg.com/images/g/zqYAAOSwB3Fnkobv/s-l500.webp,Unknown,Unknown,False,Galaxy S22 Ultra,True
1,Samsung Galaxy S22 Ultra 5G Verizon Unlocked T-Mobile Straight Talk Mint Boost,$289.99,2025-07-24,https://www.ebay.com/itm/236178696826,https://i.ebayimg.com/images/g/HewAAOSw-R1nkobv/s-l500.webp,Unknown,Unknown,False,Galaxy S22 Ultra,True
1,Samsung Galaxy S22 Ultra 5G S908U Verizon Unlocked T-Mobile Straight Cricket ATT,$289.99,2025-07-18,https://www.ebay.com/itm/236178694566,https://i.ebayimg.com/images/g/MG8AAOSwHL5nkobv/s-l500.webp,Unknown,Unknown,False,Galaxy S22 Ultra,True
1,Samsung Galaxy S22 Ultra 5G S908U Verizon Unlocked T-Mobile Straight Cricket,$299.99,2025-05-21,https://www.ebay.com/itm/326559504122,https://i.ebayimg.com/images/g/zqYAAOSwB3Fnkobv/s-l500.webp,Unknown,Unknown,False,Galaxy S22 Ultra,True
1,Samsung Galaxy S22 Ultra Unlocked Mint T-Mobile Verizon Straight Talk Boost AT&T,$299.99,2025-08-11,https://www.ebay.com/itm/187108627033,https://i.ebayimg.com/images/g/NzIAAOSwf2Bn3aag/s-l500.webp,Unknown,Unknown,False,Galaxy S22 Ultra,True
1,Samsung Galaxy S22 Ultra 5G - 128GB Green *UNLOCKED [SM-S908U] Excellent,$322.99,2025-10-14,https://www.ebay.com/itm/146038801406,https://i.ebayimg.com/images/g/LgIAAOSwXylmIrZM/s-l500.webp,128 GB,Excellent,False,Galaxy S22 Ultra,True
1,Very Good! Samsung Galaxy S22 Ultra 128GB Phantom Black (Unlocked) Smartphone,$399.99,2025-05-14,https://www.ebay.com/itm/226099032196,https://i.ebayimg.com/images/g/~EUAAOSwlANk5wdt/s-l500.webp,128 GB,Very Good,False,Galaxy S22 Ultra,True
1,Samsung Galaxy S22 Ultra 5G Unlocked T-Mobile Total AT&T  Mint Boost Verizon,$256.49,2025-10-13,https://www.ebay.com/itm/236200268922,https://i.ebayimg.com/images/g/zqYAAOSwB3Fnkobv/s-l500.webp,Unknown,Unknown,False,Galaxy S22 Ultra,True
1,"SAMSUNG Galaxy S22 Ultra 5G (512GB, 12GB) 6.8"" Fully Unlocked US & Global S908U1",$449.99,2024-11-18,https://www.ebay.com/itm/144990800512,https://i.ebayimg.com/images/g/ZQEAAOSwEtZnm~bb/s-l500.webp,512 GB,Unknown,False,Galaxy S22 Ultra,True
1,"SAMSUNG Galaxy S22 Ultra 5G (128GB, 8GB) 6.8"" Fully Unlocked US & Global S908U1",$276.69,2025-01-29,https://www.ebay.com/itm/144990375961,https://i.ebayimg.com/images/g/A~0AAeSw~OJovLxc/s-l500.webp,128 GB,Unknown,False,Galaxy S22 Ultra,True
1,Samsung Galaxy S22 Ultra SM-S908U1 Unlocked 512GB Burgundy Good,$310.30,2025-10-13,https://www.ebay.com/itm/196520603266,https://i.ebayimg.com/images/g/KlQAAOSwD4RmoTip/s-l500.webp,512 GB,Good,False,Galaxy S22 Ultra,True
1,Samsung Galaxy S22 Ultra Black 256GB Good - Refurbished  - Unlocked,$309.99,2025-10-13,https://www.ebay.com/itm/127402853955,https://i.ebayimg.com/images/g/ZiUAAeSwxVlo7RLa/s-l500.webp,256 GB,Good,False,Galaxy S22 Ultra,True
1,Samsung Galaxy S22 Ultra S908U1 512GB Unlocked AT&T T-Mobile Good Refurbish,$318.99,2025-10-13,https://www.ebay.com/itm/205582723075,https://i.ebayimg.com/images/g/kZEAAOSwl2lltC5v/s-l500.webp,512 GB,Good,False,Galaxy S22 Ultra,True
1,Samsung Galaxy S22 Ultra Unlocked 128GB SM-S908W Phantom Black Very Good,$285.99,2025-10-13,https://www.ebay.com/itm/146886809277,https://i.ebayimg.com/images/g/PE8AAeSwqBhokKMl/s-l500.webp,128 GB,Very Good,False,Galaxy S22 Ultra,True
1,"SAMSUNG Galaxy S22 Ultra 5G (512GB, 12GB) 6.8"" Fully Unlocked US & Global S908U1",$338.53,2025-08-19,https://www.ebay.com/itm/145892543830,https://i.ebayimg.com/images/g/LEkAAeSw4UpopMuv/s-l500.webp,512 GB,Unknown,False,Galaxy S22 Ultra,True
1,Unlocked Samsung Galaxy S22 Ultra SM-S908U 128GB 1-Year Warranty Phone Excellent,$329.95,2025-10-12,https://www.ebay.com/itm/356333773126,https://i.ebayimg.com/images/g/ASwAAOSw3VFnTeZf/s-l500.webp,128 GB,Excellent,False,Galaxy S22 Ultra,True
1,Samsung Galaxy S22 Ultra SM-S908U - 512GB Burgundy (Unlocked) - Very Good Cond.,$359.99,2025-10-11,https://www.ebay.com/itm/306516761106,https://i.ebayimg.com/images/g/d2MAAeSwNwhoyuKj/s-l500.webp,512 GB,Very Good,False,Galaxy S22 Ultra,True
1,Samsung Galaxy S22 Ultra 5G Smartphone  All Colours & Storage (Unlocked) - Good,$358.33,2025-10-11,https://www.ebay.com/itm/405779259022,https://i.ebayimg.com/images/g/HK4AAOSwap1jKahL/s-l500.webp,Unknown,Good,False,Galaxy S22 Ultra,True
1,Samsung Galaxy S22 Ultra SM-S908U Unlocked 128GB Burgundy Good,$273.99,2025-10-10,https://www.ebay.com/itm/186586579423,https://i.ebayimg.com/images/g/vd0AAOSwzXZmn-xg/s-l500.webp,128 GB,Good,False,Galaxy S22 Ultra,True
1,Samsung Galaxy S22 Ultra SM-S908U Unlocked 256GB Phantom Black Very Good,$343.42,2025-10-10,https://www.ebay.com/itm/186596196338,https://i.ebayimg.com/images/g/0~wAAOSwkOBmpS9W/s-l500.webp,256 GB,Very Good,False,Galaxy S22 Ultra,True
1,"Samsung Galaxy S22 Ultra, 512GB Black [Unlocked] Very Good Condition",$404.76,2025-03-21,https://www.ebay.com/itm/388061315346,https://i.ebayimg.com/images/g/0EEAAeSwzVJnzxSP/s-l500.webp,512 GB,Very Good,False,Galaxy S22 Ultra,True
1,Samsung Galaxy S22 Ultra - 128GB 256GB 512GB 1TB - All Colors - Good,$259.00,2025-10-08,https://www.ebay.com/itm/285843110947,https://i.ebayimg.com/images/g/rq0AAOSwqCpmNVOb/s-l500.webp,128 GB,Good,False,Galaxy S22 Ultra,True
1,Samsung Galaxy S22 Ultra 5G S908U Factory Unlocked - Very Good,$269.99,2025-10-07,https://www.ebay.com/itm/275318072268,https://i.ebayimg.com/images/g/dDkAAOSwRLRihrhm/s-l500.webp,Unknown,Very Good,False,Galaxy S22 Ultra,True
1,Samsung Galaxy S22 Ultra Fully Unlocked 6.8in 128GB - Excellent,$317.00,2025-10-06,https://www.ebay.com/itm/145740675702,https://i.ebayimg.com/images/g/2cEAAeSw8E5o3UFE/s-l500.webp,128 GB,Excellent,False,Galaxy S22 Ultra,True
1,"SAMSUNG Galaxy S22 Ultra 5G (512GB, 12GB) 6.8"" Fully Unlocked US & Global S908U1",$336.13,2025-02-17,https://www.ebay.com/itm/144992251981,https://i.ebayimg.com/images/g/SEMAAeSwfI9ozjm2/s-l500.webp,512 GB,Unknown,False,Galaxy S22 Ultra,True
1,Samsung Galaxy S22 Ultra 5G SM-S908U - 128/256/512GB - LOCKED OR UNLOCKED - Good,$239.99,2025-10-06,https://www.ebay.com/itm/176489581508,https://i.ebayimg.com/images/g/ehcAAOSwtyZmomtI/s-l500.webp,512 GB,Good,False,Galaxy S22 Ultra,True
1,Samsung Galaxy S22 Ultra 1TB S908U Unlocked - Very Good,$494.99,2025-10-06,https://www.ebay.com/itm/256462267274,https://i.ebayimg.com/images/g/k18AAeSwN2FoN1GG/s-l500.webp,Unknown,Very Good,False,Galaxy S22 Ultra,True
1,"SAMSUNG Galaxy S22 Ultra 5G (256GB, 12GB) 6.8"" T-Mobile Locked S908U",$299.99,2025-08-20,https://www.ebay.com/itm/146696817810,https://i.ebayimg.com/images/g/lwAAAeSwmMpopgs-/s-l500.webp,256 GB,Unknown,False,Galaxy S22 Ultra,True
1,Samsung Galaxy S22 Ultra Unlocked 256GB SM-S908U Phantom Black Excellent,$339.95,2025-10-05,https://www.ebay.com/itm/406256930301,https://i.ebayimg.com/images/g/VTAAAeSwFWxo3gRL/s-l500.webp,256 GB,Excellent,False,Galaxy S22 Ultra,True
1,"Samsung Galaxy S22 Ultra Fully Unlocked  - 256GB - 12GB RAM - 6.8"" - Excellent",$357.00,2025-10-04,https://www.ebay.com/itm/145676426682,https://i.ebayimg.com/images/g/f0cAAeSw25NotyTO/s-l500.webp,256 GB,Excellent,False,Galaxy S22 Ultra,True
1,Samsung Galaxy S22 Ultra - 128GB - Burgundy (Unlocked) SM-S908U Excellent,$304.95,2025-10-04,https://www.ebay.com/itm/406260404166,https://i.ebayimg.com/images/g/Ep4AAeSwrBRo369S/s-l500.webp,128 GB,Excellent,False,Galaxy S22 Ultra,True
1,Samsung Galaxy S22 Ultra 5G 128GB Phantom Black Unlocked - Good Condition,$274.99,2025-10-03,https://www.ebay.com/itm/295057958176,https://i.ebayimg.com/images/g/DF0AAOSw5LVk3Q75/s-l500.webp,128 GB,Good,False,Galaxy S22 Ultra,True
1,Samsung Galaxy S22 Ultra 5G 512GB Red Unlocked Good Condition,$339.99,2025-10-03,https://www.ebay.com/itm/286791295892,https://i.ebayimg.com/images/g/2JwAAeSwtAloycyW/s-l500.webp,512 GB,Good,False,Galaxy S22 Ultra,True
1,Samsung Galaxy S22 Ultra Black 128GB Very Good - Refurbished  - Unlocked,$302.99,2025-10-02,https://www.ebay.com/itm/127402853925,https://i.ebayimg.com/images/g/bocAAeSwpI9o3Ah8/s-l500.webp,128 GB,Very Good,False,Galaxy S22 Ultra,True
1,Samsung Galaxy S22 Ultra SM-S908U 128GB 5G Unlocked Smartphone - Good Condition,$280.99,2025-10-02,https://www.ebay.com/itm/195449248495,https://i.ebayimg.com/images/g/vXQAAOSwcHJjYvQC/s-l500.webp,128 GB,Good,False,Galaxy S22 Ultra,True
1,Samsung Galaxy S22 Ultra Fully Unlocked 6.8in 512GB - Very Good,$459.99,2025-10-02,https://www.ebay.com/itm/135242818023,https://i.ebayimg.com/images/g/otAAAeSwEk1o53-i/s-l500.webp,512 GB,Very Good,False,Galaxy S22 Ultra,True
1,Samsung Galaxy S22 Ultra 1TB Unlocked AT&T T-Mobile Verizon Very Good Condition,$466.95,2025-10-02,https://www.ebay.com/itm/306175185349,https://i.ebayimg.com/images/g/Un0AAOSwHwFn4aq4/s-l500.webp,Unknown,Very Good,False,Galaxy S22 Ultra,True
1,Samsung Galaxy S22 Ultra 5G Phantom White 128GB Xfinity Locked - Good Condition,$219.99,2025-10-01,https://www.ebay.com/itm/277390070128,https://i.ebayimg.com/images/g/nYsAAeSw4sdozFHK/s-l500.webp,128 GB,Good,False,Galaxy S22 Ultra,True
1,Samsung Galaxy S22 Ultra 1TB Unlocked AT&T T-Mobile Verizon Excellent Condition,$485.95,2025-10-01,https://www.ebay.com/itm/297173987381,https://i.ebayimg.com/images/g/vSkAAOSwcJ1n7XZp/s-l500.webp,Unknown,Excellent,False,Galaxy S22 Ultra,True
1,Samsung Galaxy S22 Ultra Unlocked 512GB SM-S908U Phantom Black Very Good,$324.99,2025-10-01,https://www.ebay.com/itm/406235341768,https://i.ebayimg.com/images/g/nPYAAeSwDIxo0lm5/s-l500.webp,512 GB,Very Good,False,Galaxy S22 Ultra,True
2,Samsung Galaxy S22 Ultra Unlocked 512GB SM-S908U Phantom Black Very Good,$324.99,2025-10-01,https://www.ebay.com/itm/406235341768,https://i.ebayimg.com/images/g/nPYAAeSwDIxo0lm5/s-l500.webp,512 GB,Very Good,False,Galaxy S22 Ultra,True
2,"SAMSUNG Galaxy S22 Ultra 5G (128GB, 8GB) 6.8"" Fully Unlocked US & Global S908U1",$333.19,2024-05-10,https://www.ebay.com/itm/134311826024,https://i.ebayimg.com/images/g/o9cAAeSwvq1oL6R4/s-l500.webp,128 GB,Unknown,False,Galaxy S22 Ultra,True
2,"Samsung Galaxy S22 Ultra 128GB 6.8"", Phantom Black",$284.99,2025-09-26,https://www.ebay.com/itm/365884629046,https://i.ebayimg.com/images/g/zSYAAeSwkBdo1gWT/s-l500.webp,128 GB,Unknown,False,Galaxy S22 Ultra,True
2,Samsung Galaxy S22 Ultra S908U Unlocked Boost T-Mobile AT&T Mint Mobile Verizon,$225.59,2025-09-25,https://www.ebay.com/itm/267413333207,https://i.ebayimg.com/images/g/4hUAAOSwBmBoE6xE/s-l500.webp,Unknown,Unknown,False,Galaxy S22 Ultra,True
2,Samsung Galaxy S22 Ultra 5G S908U Unlocked (Any Carrier) SmartPhone Good,$274.99,2025-09-25,https://www.ebay.com/itm/355335821421,https://i.ebayimg.com/images/g/IF8AAOSwSBdjEFfF/s-l500.webp,Unknown,Good,False,Galaxy S22 Ultra,True
2,"Samsung Galaxy S22 Ultra 5G 256GB Unlocked Green 6.8"" 108MP WiFi 6E SM-S908U",$309.99,2025-09-24,https://www.ebay.com/itm/205452973640,https://i.ebayimg.com/images/g/0hMAAOSwTBJjg1ap/s-l500.webp,256 GB,Unknown,False,Galaxy S22 Ultra,True
2,Samsung Galaxy S22 Ultra SM-S908U 512GB Unlocked Excellent Condition,$451.23,2025-09-24,https://www.ebay.com/itm/357600885241,https://i.ebayimg.com/images/g/8DsAAeSwy9towxlV/s-l500.webp,512 GB,Excellent,False,Galaxy S22 Ultra,True
2,Samsung Galaxy S22 Ultra - 128 GB - Burgundy - Unlocked - Good Refurbished,$265.98,2025-09-24,https://www.ebay.com/itm/127143090633,https://i.ebayimg.com/images/g/UZMAAOSwc7VoOJxu/s-l500.webp,128 GB,Good,False,Galaxy S22 Ultra,True
2,Samsung Galaxy S22 Ultra S908U 256GB Unlocked - Good,$317.99,2025-09-24,https://www.ebay.com/itm/326505298186,https://i.ebayimg.com/images/g/D4IAAOSwtJdivGHj/s-l500.webp,256 GB,Good,False,Galaxy S22 Ultra,True
2,CERTIFIED Samsung Galaxy S22 Ultra SM-S908U1 5G 512GB  Black Unlocked #L089,$334.00,2025-09-23,https://www.ebay.com/itm/127365997237,https://i.ebayimg.com/images/g/uekAAeSwiupow2yO/s-l500.webp,512 GB,Unknown,False,Galaxy S22 Ultra,True
2,"Samsung Galaxy S22 Ultra 5G 512GB Unlocked Green 6.8"" 108MP WiFi 6E SM-S908U",$329.99,2025-09-22,https://www.ebay.com/itm/197669720380,https://i.ebayimg.com/images/g/0hMAAOSwTBJjg1ap/s-l500.webp,512 GB,Unknown,False,Galaxy S22 Ultra,True
2,Samsung Galaxy S22 Ultra Green 128GB Good - Refurbished  - Unlocked,$304.99,2025-08-18,https://www.ebay.com/itm/127264717730,https://i.ebayimg.com/images/g/ARcAAeSwHNtoo5v9/s-l500.webp,128 GB,Good,False,Galaxy S22 Ultra,True
2,Samsung Galaxy S22 Ultra SM-S908U - 512GB - Black (Carrier Unlocked) B-Stock,$344.98,2025-09-22,https://www.ebay.com/itm/156835061620,https://i.ebayimg.com/images/g/ZlYAAOSw7idjkk-P/s-l500.webp,512 GB,Unknown,False,Galaxy S22 Ultra,True
2,Samsung Galaxy S22 Ultra Black 128GB Very Good - Refurbished  - Unlocked,$306.99,2025-08-20,https://www.ebay.com/itm/127195091150,https://i.ebayimg.com/images/g/~rgAAeSwMVVowM8S/s-l500.webp,128 GB,Very Good,False,Galaxy S22 Ultra,True
2,Samsung Galaxy S22 Ultra Burgundy 256GB Very Good - Refurbished  - Unlocked,$354.99,2025-08-22,https://www.ebay.com/itm/127195090921,https://i.ebayimg.com/images/g/SXcAAeSwjb9oqf5E/s-l500.webp,256 GB,Very Good,False,Galaxy S22 Ultra,True
2,Samsung Galaxy S22 Ultra 1TB S908U Unlocked - Good,$466.99,2025-09-19,https://www.ebay.com/itm/256462267293,https://i.ebayimg.com/images/g/HdQAAeSw0PtoN1Ft/s-l500.webp,Unknown,Good,False,Galaxy S22 Ultra,True
2,Samsung Galaxy S22 Ultra 5G 256GB S908U T-Mobile/Unlocked Smartphone - Excellent,$387.35,2025-09-19,https://www.ebay.com/itm/257086182582,https://i.ebayimg.com/images/g/CwwAAOSw4Cli4WJo/s-l500.webp,256 GB,Excellent,False,Galaxy S22 Ultra,True
2,Samsung Galaxy S22 Ultra - 128 GB - Burgundy (Unlocked) SM-S908U1 Excellent,$299.95,2025-09-18,https://www.ebay.com/itm/146840607554,https://i.ebayimg.com/images/g/CE4AAeSwpwNozCJi/s-l500.webp,128 GB,Excellent,False,Galaxy S22 Ultra,True
2,SAMSUNG GALAXY S22 ULTRA 5G S908U1 128GB│256GB │512GB (FACTORY UNLOCKED) ❖GOOD❖,$399.95,2025-09-18,https://www.ebay.com/itm/226270924513,https://i.ebayimg.com/images/g/QvkAAOSwk~1kwG1x/s-l500.webp,128 GB,Good,False,Galaxy S22 Ultra,True
2,Samsung Galaxy S22 Ultra 1TB S908U Unlocked - Excellent,$513.99,2025-09-16,https://www.ebay.com/itm/256461445927,https://i.ebayimg.com/images/g/FN4AAeSw9nloL2yn/s-l500.webp,Unknown,Excellent,False,Galaxy S22 Ultra,True
2,Samsung Galaxy S22 Ultra Black 256GB Good - Refurbished  - Unlocked,$334.99,2025-08-18,https://www.ebay.com/itm/127244140231,https://i.ebayimg.com/images/g/gC0AAeSw3mxoo5v0/s-l500.webp,256 GB,Good,False,Galaxy S22 Ultra,True
2,Samsung Galaxy S22 Ultra Black 256GB Very Good - Refurbished  - Unlocked,$359.99,2025-08-05,https://www.ebay.com/itm/127187183725,https://i.ebayimg.com/images/g/DSgAAeSwZjdokhmL/s-l500.webp,256 GB,Very Good,False,Galaxy S22 Ultra,True
2,Samsung Galaxy S22 Ultra SM-S908U - 128GB - Black (Unlocked) - Very Good Cond.,$349.99,2025-09-15,https://www.ebay.com/itm/306268204128,https://i.ebayimg.com/images/g/6woAAOSwQnpm7Cgl/s-l500.webp,128 GB,Very Good,False,Galaxy S22 Ultra,True
2,Samsung Galaxy S22 Ultra Black 512GB Good - Refurbished  - Unlocked,$352.99,2025-08-12,https://www.ebay.com/itm/127240643357,https://i.ebayimg.com/images/g/dXUAAeSwM1Nol5K~/s-l500.webp,512 GB,Good,False,Galaxy S22 Ultra,True
2,"Samsung Galaxy S22 Ultra 5G SM-S908U 128GB GSM/CDMA FACTORY UNLOCKED ""Excellent""",$329.88,2025-09-15,https://www.ebay.com/itm/296122565461,https://i.ebayimg.com/images/g/QeMAAOSwhyNlhbIA/s-l500.webp,128 GB,Excellent,False,Galaxy S22 Ultra,True
2,Samsung Galaxy S22 Ultra S908U Unlocked Boost T-Mobile AT&T Mint Mobile Verizon,$309.99,2025-08-26,https://www.ebay.com/itm/267367433360,https://i.ebayimg.com/images/g/X1YAAOSw6PdoE6xE/s-l500.webp,Unknown,Unknown,False,Galaxy S22 Ultra,True
2,Samsung Galaxy S22 Ultra 5G Verizon Unlocked T-Mobile Straight Talk Mint Cricket,$246.99,2025-09-14,https://www.ebay.com/itm/226861171967,https://i.ebayimg.com/images/g/HewAAOSw-R1nkobv/s-l500.webp,Unknown,Unknown,False,Galaxy S22 Ultra,True
2,Samsung Galaxy S22 Ultra SM-S908U1 Unlocked 1TB Green Good,$338.71,2025-09-14,https://www.ebay.com/itm/177410034701,https://i.ebayimg.com/images/g/ciwAAeSwMS1oxcmY/s-l500.webp,Unknown,Good,False,Galaxy S22 Ultra,True
2,Samsung Galaxy S22 Ultra SM-S908U1 5G 256GB  Black Unlocked #L088,$334.00,2025-09-14,https://www.ebay.com/itm/146826994594,https://i.ebayimg.com/images/g/iokAAeSwpSJow2wc/s-l500.webp,256 GB,Unknown,False,Galaxy S22 Ultra,True
2,"SAMSUNG Galaxy S22 Ultra 5G (512GB, 12GB) 6.8"" Fully Unlocked US & Global S908U1",$336.99,2025-09-14,https://www.ebay.com/itm/145069407506,https://i.ebayimg.com/images/g/eRIAAeSwpGFowMRf/s-l500.webp,512 GB,Unknown,False,Galaxy S22 Ultra,True
2,"Samsung Galaxy S22 Ultra 5G 128GB Unlocked S908U 6.8"" 108MP IP68 GSM CDMA Black",$274.99,2025-09-13,https://www.ebay.com/itm/197456163823,https://i.ebayimg.com/images/g/RwQAAOSwkFpijPop/s-l500.webp,128 GB,Unknown,False,Galaxy S22 Ultra,True
2,Samsung Galaxy S22 Ultra S908U 512GB Unlocked - Good,$335.99,2025-09-13,https://www.ebay.com/itm/226598469972,https://i.ebayimg.com/images/g/D4IAAOSwtJdivGHj/s-l500.webp,512 GB,Good,False,Galaxy S22 Ultra,True
2,Samsung Galaxy S22 Ultra SM-S908U1 Unlocked 1TB Phantom Black Good,$308.37,2025-09-13,https://www.ebay.com/itm/187566387779,https://i.ebayimg.com/images/g/J9IAAeSwOD1oxcFs/s-l500.webp,Unknown,Good,False,Galaxy S22 Ultra,True
2,Fully Unlocked Samsung Galaxy S22 Ultra 5G SM-S908U - Excellent Condition,$339.00,2025-09-12,https://www.ebay.com/itm/167348826672,https://i.ebayimg.com/images/g/cxEAAOSw3W1nw6Qu/s-l500.webp,Unknown,Excellent,False,Galaxy S22 Ultra,True
2,Samsung Galaxy S22 Ultra 256GB (Unlocked) - Phantom White,$349.98,2025-09-12,https://www.ebay.com/itm/365856366001,https://i.ebayimg.com/images/g/uq0AAeSwMf9pAQU8/s-l500.webp,256 GB,Unknown,False,Galaxy S22 Ultra,True
2,REFURBISHED Samsung Galaxy S22 Ultra 128GB SM-S908U1 BURGUNDY GSM CDMA UNLOCKED,$299.00,2025-09-11,https://www.ebay.com/itm/127129028464,https://i.ebayimg.com/images/g/U~cAAOSwZdxoL5ea/s-l500.webp,128 GB,Unknown,False,Galaxy S22 Ultra,True
2,Samsung Galaxy S22 Ultra 5G 128GB Burgundy Unlocked Very Good Condition,$339.99,2025-09-10,https://www.ebay.com/itm/297416800764,https://i.ebayimg.com/images/g/rtMAAeSwmoZo-RJn/s-l500.webp,128 GB,Very Good,False,Galaxy S22 Ultra,True
2,Samsung Galaxy S22 Ultra 5G 256GB Green Unlocked Very Good Condition,$359.99,2025-09-10,https://www.ebay.com/itm/277275308161,https://i.ebayimg.com/images/g/stIAAeSwgQZo293e/s-l500.webp,256 GB,Very Good,False,Galaxy S22 Ultra,True
2,Samsung Galaxy S22 Ultra Unlocked 128GB SM-S908W Phantom Black Good,$289.99,2025-09-10,https://www.ebay.com/itm/406104086651,https://i.ebayimg.com/images/g/PE8AAeSwqBhokKMl/s-l500.webp,128 GB,Good,False,Galaxy S22 Ultra,True
2,Samsung Galaxy S22 Ultra SM-S908U 512GB Burgundy Unlocked Good Condition,$398.93,2025-08-26,https://www.ebay.com/itm/356849028974,https://i.ebayimg.com/images/g/socAAeSwjHVoE7Yg/s-l500.webp,512 GB,Good,False,Galaxy S22 Ultra,True
2,Samsung Galaxy S22 Ultra SM-S908U 512GB Green Unlocked Good Condition,$309.99,2025-09-04,https://www.ebay.com/itm/356849031106,https://i.ebayimg.com/images/g/ZcMAAeSwJyFoE7dG/s-l500.webp,512 GB,Good,False,Galaxy S22 Ultra,True
2,Samsung Galaxy S22 Ultra SM-S908U 512GB Phantom White Unlocked Good Condition,$398.92,2025-08-23,https://www.ebay.com/itm/356849040010,https://i.ebayimg.com/images/g/WLsAAeSwt~loE7hk/s-l500.webp,512 GB,Good,False,Galaxy S22 Ultra,True
2,Samsung Galaxy S22 Ultra SM-S908U 512GB Phantom Black Unlocked Good Condition,$398.91,2025-08-23,https://www.ebay.com/itm/356849030073,https://i.ebayimg.com/images/g/5CEAAeSw8rRoE7cf/s-l500.webp,512 GB,Good,False,Galaxy S22 Ultra,True
2,Samsung GalaxyS22Ultra SM-S908U 512GB Phantom White Unlocked Very Good Condition,$340.99,2025-09-04,https://www.ebay.com/itm/356845926871,https://i.ebayimg.com/images/g/kMQAAeSwjftoEpai/s-l500.webp,512 GB,Very Good,False,Galaxy S22 Ultra,True
2,Samsung Galaxy S22 Ultra - 128GB - Burgundy (Unlocked) SM-S908U Excellent,$314.95,2025-09-10,https://www.ebay.com/itm/146376941184,https://i.ebayimg.com/images/g/Or0AAOSwNrZnp3jN/s-l500.webp,128 GB,Excellent,False,Galaxy S22 Ultra,True
2,Samsung Galaxy S22 Ultra SM-S908W - 512GB - Black (Unlocked) - Good Condition,$349.99,2025-09-10,https://www.ebay.com/itm/306436957550,https://i.ebayimg.com/images/g/uOoAAeSwJGdoi49o/s-l500.webp,512 GB,Good,False,Galaxy S22 Ultra,True
2,Samsung Galaxy S22 Ultra 5G 128GB Phantom Black Unlocked Excellent Condition,$320.91,2025-09-06,https://www.ebay.com/itm/354773863002,https://i.ebayimg.com/images/g/~28AAOSwXVlkWsq~/s-l500.webp,128 GB,Excellent,False,Galaxy S22 Ultra,True
2,Samsung Galaxy S22 Ultra 5G 128GB Burgundy Unlocked Very Good Condition,$317.00,2025-09-05,https://www.ebay.com/itm/356235749288,https://i.ebayimg.com/images/g/GvAAAOSwx3ZnLRPC/s-l500.webp,128 GB,Very Good,False,Galaxy S22 Ultra,True
2,Samsung Galaxy S22 Ultra 128GB UNLOCKED  Very Good Condition Burgundy,$299.95,2025-09-08,https://www.ebay.com/itm/116761646977,https://i.ebayimg.com/images/g/VvgAAeSwO25otxYD/s-l500.webp,128 GB,Very Good,False,Galaxy S22 Ultra,True
2,REFURBISHED Samsung Galaxy S22 Ultra 128GB SM-S908U1 Black GSM CDMA UNLOCKED,$289.00,2025-09-07,https://www.ebay.com/itm/126287457833,https://i.ebayimg.com/images/g/~YUAAOSw8ENlqFIa/s-l500.webp,128 GB,Unknown,False,Galaxy S22 Ultra,True
2,Samsung Galaxy S22 Ultra 256GB - Phantom Black - Unlocked -Refurbished Very Good,$379.99,2025-09-07,https://www.ebay.com/itm/226794340799,https://i.ebayimg.com/images/g/XuEAAOSwNR9oPzco/s-l500.webp,256 GB,Very Good,False,Galaxy S22 Ultra,True
2,REFURBISHED Samsung Galaxy S22 Ultra 256GB SM-S908U1 Black GSM CDMA UNLOCKED,$319.00,2025-09-07,https://www.ebay.com/itm/116686623177,https://i.ebayimg.com/images/g/~YUAAOSw8ENlqFIa/s-l500.webp,256 GB,Unknown,False,Galaxy S22 Ultra,True
2,Samsung Galaxy S22 Ultra SM-S908U - 128GB - Black (Unlocked) - Good Condition,$310.49,2025-09-07,https://www.ebay.com/itm/306268157423,https://i.ebayimg.com/images/g/lecAAOSw-SVoB475/s-l500.webp,128 GB,Good,False,Galaxy S22 Ultra,True
2,Samsung Galaxy S22 Ultra SM-S908U - 128GB - Black (Carrier Unlocked) B-Stock,$292.98,2025-09-06,https://www.ebay.com/itm/156928081882,https://i.ebayimg.com/images/g/ZlYAAOSw7idjkk-P/s-l500.webp,128 GB,Unknown,False,Galaxy S22 Ultra,True
2,Samsung Galaxy S22 Ultra 5G 512GB Phantom Black Unlocked Excellent Condition,$449.99,2025-09-05,https://www.ebay.com/itm/277003363482,https://i.ebayimg.com/images/g/lAcAAeSwZm9o4-4o/s-l500.webp,512 GB,Excellent,False,Galaxy S22 Ultra,True
2,Samsung Galaxy S22 Ultra 5G 256GB Sky Blue Unlocked Good Condition,$319.99,2025-09-04,https://www.ebay.com/itm/286760393005,https://i.ebayimg.com/images/g/ZLQAAeSw7TBoycrp/s-l500.webp,256 GB,Good,False,Galaxy S22 Ultra,True
2,Samsung Galaxy S22 Ultra 128GB S908U UNLOCKED - Good Condition Green,$282.99,2025-09-03,https://www.ebay.com/itm/116753226389,https://i.ebayimg.com/images/g/vrYAAeSwNdVorz9C/s-l500.webp,128 GB,Good,False,Galaxy S22 Ultra,True
2,Samsung Galaxy S22 Ultra SM-S908U - 512GB - Burgundy (Unlocked) - Good Condition,$349.99,2025-09-03,https://www.ebay.com/itm/306421531167,https://i.ebayimg.com/images/g/lIQAAeSwjW9ogNu4/s-l500.webp,512 GB,Good,False,Galaxy S22 Ultra,True
2,"Samsung Galaxy S22 Ultra 5G SM-S908U 128GB GSM/CDMA FACTORY UNLOCKED ""Very Good""",$309.88,2025-09-02,https://www.ebay.com/itm/364640801877,https://i.ebayimg.com/images/g/QeMAAOSwhyNlhbIA/s-l500.webp,128 GB,Very Good,False,Galaxy S22 Ultra,True
2,Samsung Galaxy S22 Ultra Fully Unlocked 6.8in 128GB - Good,$322.00,2025-09-02,https://www.ebay.com/itm/166731657510,https://i.ebayimg.com/images/g/KicAAeSwZxJo5oGE/s-l500.webp,128 GB,Good,False,Galaxy S22 Ultra,True
2,"Samsung Galaxy S22 Ultra 5G SM-S908U 128GB Unlocked 6.8"" 108MP WiFi 6E Green",$274.99,2025-08-30,https://www.ebay.com/itm/326648388593,https://i.ebayimg.com/images/g/0hMAAOSwTBJjg1ap/s-l500.webp,128 GB,Unknown,False,Galaxy S22 Ultra,True
2,Samsung Galaxy S22 Ultra - 128 GB - Phantom Black - Fully Unlocked 5G  - Good,$279.99,2025-08-27,https://www.ebay.com/itm/267349304918,https://i.ebayimg.com/images/g/FWoAAeSwpwloi8q6/s-l500.webp,128 GB,Good,False,Galaxy S22 Ultra,True
2,Samsung Galaxy S22 Ultra 5G 512GB Phantom White Unlocked Very Good Condition,$389.99,2025-08-26,https://www.ebay.com/itm/286779298627,https://i.ebayimg.com/images/g/vekAAeSwjB5oycuf/s-l500.webp,512 GB,Very Good,False,Galaxy S22 Ultra,True
2,Samsung Galaxy S22 Ultra - 512GB - Black - Fully Unlocked - Good,$299.99,2025-08-26,https://www.ebay.com/itm/267375673701,https://i.ebayimg.com/images/g/tIEAAeSwF~Nop4lv/s-l500.webp,512 GB,Good,False,Galaxy S22 Ultra,True
2,Samsung Galaxy S22 Ultra 5G S908U Unlocked (Any Carrier) Very Good,$274.99,2025-08-24,https://www.ebay.com/itm/355673480689,https://i.ebayimg.com/images/g/IF8AAOSwSBdjEFfF/s-l500.webp,Unknown,Very Good,False,Galaxy S22 Ultra,True
2,Samsung Galaxy S22 Ultra 5G - 256GB Black (UNLOCKED) [SM-S908U] Good Refurbished,$312.99,2025-08-21,https://www.ebay.com/itm/145816726078,https://i.ebayimg.com/images/g/X4wAAOSwtqFkwpn5/s-l500.webp,256 GB,Good,False,Galaxy S22 Ultra,True
2,Samsung Galaxy S22 Ultra 5G 512GB Phantom White Unlocked Excellent Condition,$419.99,2025-08-20,https://www.ebay.com/itm/277243729072,https://i.ebayimg.com/images/g/-d0AAeSw6wpo1o4~/s-l500.webp,512 GB,Excellent,False,Galaxy S22 Ultra,True
2,Samsung Galaxy S22 Ultra - 512 GB - (Unlocked) Very Good Condition,$331.99,2025-08-19,https://www.ebay.com/itm/257019827744,https://i.ebayimg.com/images/g/6kIAAOSwTydoW3qp/s-l500.webp,512 GB,Very Good,False,Galaxy S22 Ultra,True
2,Samsung Galaxy S22 Ultra 5G 128GB Red Unlocked Excellent Condition,$319.99,2025-08-19,https://www.ebay.com/itm/277332843104,https://i.ebayimg.com/images/g/LE0AAeSwHEto1X7~/s-l500.webp,128 GB,Excellent,False,Galaxy S22 Ultra,True
2,Samsung Galaxy S22 Ultra - 256 GB - Phantom Black - Unlocked - Good Refurbished,$219.99,2025-08-19,https://www.ebay.com/itm/127143091620,https://i.ebayimg.com/images/g/I8QAAOSwihhoOJy9/s-l500.webp,256 GB,Good,False,Galaxy S22 Ultra,True
2,"Samsung Galaxy S22 Ultra 5G 128GB Unlocked SM-S908U 6.8"" 108MP IP68 Burgundy",$274.99,2025-08-18,https://www.ebay.com/itm/205666079328,https://i.ebayimg.com/images/g/sHQAAOSwCwdjF7FM/s-l500.webp,128 GB,Unknown,False,Galaxy S22 Ultra,True
2,Samsung Galaxy S22 Ultra SM-S908U - 512GB Black (Unlocked) - Very Good Condition,$369.99,2025-08-18,https://www.ebay.com/itm/305820220024,https://i.ebayimg.com/images/g/rHAAAOSwbDBli-T7/s-l500.webp,512 GB,Very Good,False,Galaxy S22 Ultra,True
2,Samsung Galaxy S22 Ultra 5G S908U 128GB Unlocked - Excellent,$326.99,2025-08-18,https://www.ebay.com/itm/325247248160,https://i.ebayimg.com/images/g/DckAAOSwNkditevk/s-l500.webp,128 GB,Excellent,False,Galaxy S22 Ultra,True
2,Samsung Galaxy S22 Ultra SM-S908U - 256GB - Burgundy (Unlocked) - Very Good Cond,$320.09,2025-08-18,https://www.ebay.com/itm/306219181869,https://i.ebayimg.com/images/g/XREAAOSwQC5n67eU/s-l500.webp,256 GB,Very Good,False,Galaxy S22 Ultra,True
2,Samsung Galaxy S22 Ultra - 128 GB - Green - Fully Unlocked 5G - Good,$279.99,2025-08-18,https://www.ebay.com/itm/267349303054,https://i.ebayimg.com/images/g/6PUAAeSwALBoi8kx/s-l500.webp,128 GB,Good,False,Galaxy S22 Ultra,True
2,Samsung Galaxy S22 Ultra 5G 256GB Phantom Black Unlocked - Very Good Condition,$339.99,2025-08-17,https://www.ebay.com/itm/294999088553,https://i.ebayimg.com/images/g/3GUAAOSw~ZdlJDSa/s-l500.webp,256 GB,Very Good,False,Galaxy S22 Ultra,True
2,Samsung Galaxy S22 Ultra 5G 128GB Black (AT&T & GSM UNLOCKED) VERY GOOD,$310.88,2025-08-16,https://www.ebay.com/itm/187440016778,https://i.ebayimg.com/images/g/3OQAAOSwwUNoPiVx/s-l500.webp,128 GB,Very Good,False,Galaxy S22 Ultra,True
2,Samsung Galaxy S22 Ultra 5G S908U 128GB Unlocked - Good,$293.99,2025-08-15,https://www.ebay.com/itm/226604267763,https://i.ebayimg.com/images/g/D4IAAOSwtJdivGHj/s-l500.webp,128 GB,Good,False,Galaxy S22 Ultra,True
2,Samsung Galaxy S22 Ultra 128GB (Unlocked) - Phantom White,$299.95,2025-08-14,https://www.ebay.com/itm/316800812973,https://i.ebayimg.com/images/g/hjkAAeSwxi9pAQC~/s-l500.webp,128 GB,Unknown,False,Galaxy S22 Ultra,True
2,Samsung Galaxy S22 Ultra 5G - 256GB White *UNLOCKED* SM-S908U Excellent Refurb,$368.99,2025-08-14,https://www.ebay.com/itm/145794618917,https://i.ebayimg.com/images/g/hvgAAOSwkFllw8gV/s-l500.webp,256 GB,Excellent,False,Galaxy S22 Ultra,True
2,Samsung Galaxy S22 Ultra 512GB (Unlocked) - Green,$359.98,2025-08-12,https://www.ebay.com/itm/365791725405,https://i.ebayimg.com/images/g/f3UAAeSwROFo8U-e/s-l500.webp,512 GB,Unknown,False,Galaxy S22 Ultra,True
2,Samsung Galaxy S22 Ultra 5G Factory Unlocked SM-S908U1 - Pristine Condition,$439.99,2025-08-11,https://www.ebay.com/itm/155001321348,https://i.ebayimg.com/images/g/d3IAAOSwxeFmvPP4/s-l500.webp,Unknown,Unknown,False,Galaxy S22 Ultra,True
2,Samsung Galaxy S22 Ultra S908U1 128GB 256GB 512GB Unlocked Good Refurbished,$285.99,2025-08-10,https://www.ebay.com/itm/357175429014,https://i.ebayimg.com/images/g/kZEAAOSwl2lltC5v/s-l500.webp,128 GB,Good,False,Galaxy S22 Ultra,True
2,Samsung Galaxy S22 Ultra 512GB (Unlocked) - Green,$399.95,2025-08-09,https://www.ebay.com/itm/316801012715,https://i.ebayimg.com/images/g/ixEAAeSwrBRo4jeO/s-l500.webp,512 GB,Unknown,False,Galaxy S22 Ultra,True
2,Samsung Galaxy S22 Ultra SM-S908U - 512GB - Black (Carrier Unlocked) C-Stock,$314.98,2025-08-08,https://www.ebay.com/itm/156835064286,https://i.ebayimg.com/images/g/ZlYAAOSw7idjkk-P/s-l500.webp,512 GB,Unknown,False,Galaxy S22 Ultra,True
2,Samsung Galaxy S22 Ultra 512GB (Unlocked) - Phantom Black,$369.95,2025-08-08,https://www.ebay.com/itm/146593165989,https://i.ebayimg.com/images/g/bV0AAeSwQbdpAbjt/s-l500.webp,512 GB,Unknown,False,Galaxy S22 Ultra,True
2,Samsung Galaxy S22 Ultra 512GB (Unlocked) - Burgundy,$359.95,2025-08-08,https://www.ebay.com/itm/146751452729,https://i.ebayimg.com/images/g/8DoAAeSw9K5o-6Q3/s-l500.webp,512 GB,Unknown,False,Galaxy S22 Ultra,True
2,Samsung Galaxy S22 Ultra SM-S908U 128GB 5G Unlocked Smartphone - Very Good,$324.99,2025-08-07,https://www.ebay.com/itm/403973635566,https://i.ebayimg.com/images/g/vXQAAOSwcHJjYvQC/s-l500.webp,128 GB,Very Good,False,Galaxy S22 Ultra,True
2,Samsung Galaxy S22 Ultra - 128GB 256GB 512GB 1TB - All Colors - Excellent,$309.00,2025-08-07,https://www.ebay.com/itm/276450711231,https://i.ebayimg.com/images/g/rq0AAOSwqCpmNVOb/s-l500.webp,128 GB,Excellent,False,Galaxy S22 Ultra,True
2,Samsung Galaxy S22 Ultra SM-S908U 256GB 8GB Unlocked Black Good Condition,$348.84,2025-08-06,https://www.ebay.com/itm/406047676366,https://i.ebayimg.com/images/g/MesAAeSwZbJocIR-/s-l500.webp,256 GB,Good,False,Galaxy S22 Ultra,True
2,Samsung Galaxy S22 Ultra SM-S908U1 Unlocked 256GB Burgundy Good,$314.99,2025-08-04,https://www.ebay.com/itm/196520692431,https://i.ebayimg.com/images/g/vnEAAOSwNAxmoUXH/s-l500.webp,256 GB,Good,False,Galaxy S22 Ultra,True
2,Samsung Galaxy S22 Ultra SM-S908E Unlocked 512GB Phantom Black Good,$301.18,2025-08-03,https://www.ebay.com/itm/176488058455,https://i.ebayimg.com/images/g/m3IAAOSwZFpmoUgE/s-l500.webp,512 GB,Good,False,Galaxy S22 Ultra,True
2,Samsung Galaxy S22 Ultra SM-S908U - 128GB - Phantom Black (Unlocked) - Good Cond,$309.99,2025-07-31,https://www.ebay.com/itm/306421528177,https://i.ebayimg.com/images/g/6woAAOSwQnpm7Cgl/s-l500.webp,128 GB,Good,False,Galaxy S22 Ultra,True
