Page,Title,Price,Sold Date,Link,Image Link,Storage,Condition,PartsOnly,Model,Galaxy_S22
1,Samsung Galaxy S22+ 128GB S906U Unlocked - Good,$158.99,2025-10-29,https://www.ebay.com/itm/255803826545,https://i.ebayimg.com/images/g/nkwAAeSwL55oL2Rf/s-l500.webp,128 GB,Good,False,Galaxy S22,True
1,Samsung Galaxy S22 S901 128GB Unlocked - Excellent,$168.95,2025-10-29,https://www.ebay.com/itm/364498823740,https://i.ebayimg.com/images/g/IzAAAOSwNXFlFYby/s-l500.webp,128 GB,Excellent,False,Galaxy S22,True
1,Samsung Galaxy S22+ 5G SM-S906U1 256GB Unlocked Very Good,$210.99,2025-10-29,https://www.ebay.com/itm/186372208848,https://i.ebayimg.com/images/g/9eoAAOSwBFJjPcD9/s-l500.webp,256 GB,Very Good,False,Galaxy S22,True
1,Samsung Galaxy S22+ 128GB S906U Unlocked - Excellent,$186.99,2025-10-29,https://www.ebay.com/itm/255788146936,https://i.ebayimg.com/images/g/l7MAAeSwd11oL22F/s-l500.webp,128 GB,Excellent,False,Galaxy S22,True
1,Samsung Galaxy S22+ Black 128 Very Good - Refurbished  - Unlocked,$188.99,2025-10-29,https://www.ebay.com/itm/127185353402,https://i.ebayimg.com/images/g/ph8AAeSwGBZo~-HC/s-l500.webp,Unknown,Very Good,False,Galaxy S22,True
1,Samsung Galaxy S22+ 128GB S906U Unlocked - Very Good,$177.99,2025-10-29,https://www.ebay.com/itm/255788146958,https://i.ebayimg.com/images/g/G3cAAeSw939oNjhw/s-l500.webp,128 GB,Very Good,False,Galaxy S22,True
1,Samsung Galaxy S22 S901 128GB Unlocked - Very Good,$159.95,2025-10-29,https://www.ebay.com/itm/404513869457,https://i.ebayimg.com/images/g/u-AAAOSw46tlFYbZ/s-l500.webp,128 GB,Very Good,False,Galaxy S22,True
1,Samsung Galaxy S22 5G S901U Unlocked (Any Carrier) SmartPhone Very Good,$158.99,2025-10-28,https://www.ebay.com/itm/225935482577,https://i.ebayimg.com/images/g/Xp4AAOSwJ4ZjBY2-/s-l500.webp,Unknown,Very Good,False,Galaxy S22,True
1,Samsung Galaxy S22+ 5G SM-S906U1 128GB 256GB Unlocked Very Good Refurbished,$182.99,2025-10-28,https://www.ebay.com/itm/204769428202,https://i.ebayimg.com/images/g/9eoAAOSwBFJjPcD9/s-l500.webp,128 GB,Very Good,False,Galaxy S22,True
1,Samsung Galaxy S22+ 256GB S906U Unlocked - Very Good,$186.99,2025-10-28,https://www.ebay.com/itm/255865325437,https://i.ebayimg.com/images/g/-GwAAeSwLOFoL7qj/s-l500.webp,256 GB,Very Good,False,Galaxy S22,True
1,Samsung Galaxy S22+ 5G SMS906U 128GB Unlocked Very Good Condition,$197.49,2025-10-28,https://www.ebay.com/itm/357352748592,https://i.ebayimg.com/images/g/jC8AAeSwLGhog5-z/s-l500.webp,128 GB,Very Good,False,Galaxy S22,True
1,Samsung Galaxy S22 128GB 256GB S901U Unlocked Smartphone - Good,$144.99,2025-10-28,https://www.ebay.com/itm/157315789642,https://i.ebayimg.com/images/g/xiQAAeSwdaVo3UHP/s-l500.webp,128 GB,Good,False,Galaxy S22,True
1,Samsung Galaxy S22+ SM-S906U Unlocked 256GB Phantom Black Good,$180.99,2025-10-28,https://www.ebay.com/itm/176486260959,https://i.ebayimg.com/images/g/c6gAAOSwhH1mn-Zy/s-l500.webp,256 GB,Good,False,Galaxy S22,True
1,Samsung Galaxy S22 SM-S901U Unlocked 128GB Phantom Black Good,$147.99,2025-10-28,https://www.ebay.com/itm/196518586989,https://i.ebayimg.com/images/g/urQAAOSw2QFmn95~/s-l500.webp,128 GB,Good,False,Galaxy S22,True
1,Samsung Galaxy S22+ 256GB S906U Unlocked - Good,$167.99,2025-10-28,https://www.ebay.com/itm/255865325471,https://i.ebayimg.com/images/g/cfQAAeSwvNdoM7GS/s-l500.webp,256 GB,Good,False,Galaxy S22,True
1,Samsung Galaxy S22 128GB S901U Unlocked - Excellent,$177.99,2025-10-28,https://www.ebay.com/itm/255750739980,https://i.ebayimg.com/images/g/eHQAAeSwa6VojEf9/s-l500.webp,128 GB,Excellent,False,Galaxy S22,True
1,Samsung Galaxy S22+ Plus 128GB Unlocked ATT T-Mobile Verizon Excellent Condition,$205.95,2025-10-28,https://www.ebay.com/itm/297168197446,https://i.ebayimg.com/images/g/bOEAAOSwpONn6wsv/s-l500.webp,128 GB,Excellent,False,Galaxy S22,True
1,Samsung Galaxy S22 S901 256GB Unlocked - Excellent,$194.95,2025-10-28,https://www.ebay.com/itm/365014088752,https://i.ebayimg.com/images/g/IzAAAOSwNXFlFYby/s-l500.webp,256 GB,Excellent,False,Galaxy S22,True
1,Samsung Galaxy S22 SM-S901U1 Unlocked 128GB Phantom Black Good,$145.99,2025-10-28,https://www.ebay.com/itm/196518614327,https://i.ebayimg.com/images/g/~LQAAOSwMaZmn-Tn/s-l500.webp,128 GB,Good,False,Galaxy S22,True
1,Samsung Galaxy S22 128GB S901U Unlocked - Very Good,$153.99,2025-10-28,https://www.ebay.com/itm/255750740005,https://i.ebayimg.com/images/g/f2MAAeSwWopojEhl/s-l500.webp,128 GB,Very Good,False,Galaxy S22,True
1,Samsung Galaxy S22 + Plus  5G 128/256GB Fully  Unlocked - Refurbished Excellent,$214.99,2025-10-28,https://www.ebay.com/itm/236252885643,https://i.ebayimg.com/images/g/ImQAAOSwje1kGbSU/s-l500.webp,256 GB,Excellent,False,Galaxy S22,True
1,Samsung Galaxy S22+ Gold 128GB Good - Refurbished  - Unlocked,$178.99,2025-10-28,https://www.ebay.com/itm/127187184001,https://i.ebayimg.com/images/g/4rwAAeSwOQhpAEH8/s-l500.webp,128 GB,Good,False,Galaxy S22,True
1,Samsung Galaxy S22 128GB S901U Unlocked - Good,$143.99,2025-10-28,https://www.ebay.com/itm/255865325274,https://i.ebayimg.com/images/g/~50AAeSw3BZojEkt/s-l500.webp,128 GB,Good,False,Galaxy S22,True
1,Samsung Galaxy S22 SM-S901U Verizon Unlocked 128GB Pink Gold Good,$214.99,2025-10-28,https://www.ebay.com/itm/186605202696,https://i.ebayimg.com/images/g/dL8AAOSwgGZmqwlX/s-l500.webp,128 GB,Good,False,Galaxy S22,True
1,Samsung Galaxy S22+ 5G 256GB (Unlocked) - Pink,$204.98,2025-10-28,https://www.ebay.com/itm/317475554836,https://i.ebayimg.com/images/g/jAIAAeSwO8tpAQeA/s-l500.webp,256 GB,Unknown,False,Galaxy S22,True
1,Samsung Galaxy S22 128GB 256GB S901U Unlocked Smartphone - Very Good,$164.99,2025-10-28,https://www.ebay.com/itm/157222087627,https://i.ebayimg.com/images/g/V10AAeSwF-xo3UIy/s-l500.webp,128 GB,Very Good,False,Galaxy S22,True
1,Samsung Galaxy S22+ Plus 128GB Unlocked ATT T-Mobile Verizon Very Good Condition,$186.95,2025-10-28,https://www.ebay.com/itm/297168193218,https://i.ebayimg.com/images/g/bx0AAOSw8PRn7pHM/s-l500.webp,128 GB,Very Good,False,Galaxy S22,True
1,Samsung Galaxy S22+ White 128 Good - Refurbished  - Unlocked,$178.99,2025-10-28,https://www.ebay.com/itm/127201340203,https://i.ebayimg.com/images/g/aBgAAeSwFTZo~-tL/s-l500.webp,Unknown,Good,False,Galaxy S22,True
1,Samsung Galaxy S22 5G S901U Unlocked (Any Carrier) SmartPhone Good,$139.99,2025-10-28,https://www.ebay.com/itm/235404365002,https://i.ebayimg.com/images/g/Xp4AAOSwJ4ZjBY2-/s-l500.webp,Unknown,Good,False,Galaxy S22,True
1,Samsung Galaxy S22+ Plus | 128GB Green *UNLOCKED* Very Good Refurb [SM-S906U],$171.99,2025-10-28,https://www.ebay.com/itm/146307189249,https://i.ebayimg.com/images/g/1mgAAOSwzxNl7zBL/s-l500.webp,128 GB,Very Good,False,Galaxy S22,True
1,Samsung Galaxy S22+ 5G SM-S906U1 128GB 256GB Unlocked Good,$168.99,2025-10-28,https://www.ebay.com/itm/204769441593,https://i.ebayimg.com/images/g/1JMAAOSwOSVnOXeW/s-l500.webp,128 GB,Good,False,Galaxy S22,True
1,Samsung Galaxy S22+ 5G SM-S906U1 128GB 256GB Factory Unlocked Excellent,$201.99,2025-10-27,https://www.ebay.com/itm/355596780465,https://i.ebayimg.com/images/g/9eoAAOSwBFJjPcD9/s-l500.webp,128 GB,Excellent,False,Galaxy S22,True
1,Samsung Galaxy S22 256GB S901U Unlocked - Good,$149.99,2025-10-27,https://www.ebay.com/itm/255865325366,https://i.ebayimg.com/images/g/QHcAAeSwsphojA~m/s-l500.webp,256 GB,Good,False,Galaxy S22,True
1,Samsung Galaxy S22+ Gold 128GB Very Good - Refurbished  - Unlocked,$188.99,2025-10-27,https://www.ebay.com/itm/127187183851,https://i.ebayimg.com/images/g/K0kAAeSwWp9pAE4p/s-l500.webp,128 GB,Very Good,False,Galaxy S22,True
1,Samsung Galaxy S22 White 128GB Good - Refurbished  - Unlocked,$152.99,2025-10-27,https://www.ebay.com/itm/127199726859,https://i.ebayimg.com/images/g/OUcAAeSwbGRpAPrp/s-l500.webp,128 GB,Good,False,Galaxy S22,True
1,Samsung Galaxy S22 Green 128GB Good - Refurbished  - Unlocked,$152.99,2025-10-27,https://www.ebay.com/itm/127239281024,https://i.ebayimg.com/images/g/ovcAAeSwbkZpAglU/s-l500.webp,128 GB,Good,False,Galaxy S22,True
1,Samsung Galaxy S22 256GB S901U Unlocked - Very Good,$167.99,2025-10-27,https://www.ebay.com/itm/255865325329,https://i.ebayimg.com/images/g/BsoAAeSwfPhojEix/s-l500.webp,256 GB,Very Good,False,Galaxy S22,True
1,Samsung Galaxy S22+ SM-S906U1 Unlocked 128GB Phantom Black Good,$167.99,2025-10-27,https://www.ebay.com/itm/196518646975,https://i.ebayimg.com/images/g/TtEAAOSwMvdmn-p7/s-l500.webp,128 GB,Good,False,Galaxy S22,True
1,Samsung Galaxy S22+ Plus 128GB Unlocked ATT T-Mobile Verizon Good Condition,$167.95,2025-10-27,https://www.ebay.com/itm/297168194193,https://i.ebayimg.com/images/g/L2wAAOSwn-Rn7pIK/s-l500.webp,128 GB,Good,False,Galaxy S22,True
1,Samsung Galaxy S22 Black 128GB Very Good - Refurbished  - Unlocked,$161.99,2025-10-27,https://www.ebay.com/itm/127234543238,https://i.ebayimg.com/images/g/pE8AAeSwFTZpANL7/s-l500.webp,128 GB,Very Good,False,Galaxy S22,True
1,Samsung Galaxy S22 256GB Factory Unlocked AT&T T-Mobile Verizon Good Condition,$171.95,2025-10-27,https://www.ebay.com/itm/306216340548,https://i.ebayimg.com/images/g/5moAAOSw1c9n7XaH/s-l500.webp,256 GB,Good,False,Galaxy S22,True
1,Samsung Galaxy S22 128GB FACTORY Unlocked Verizon ATT  TMobile Metro - EXCELLENT,$169.48,2025-10-27,https://www.ebay.com/itm/115990092373,https://i.ebayimg.com/images/g/xr0AAOSwFZVlvsfM/s-l500.webp,128 GB,Excellent,False,Galaxy S22,True
1,Samsung Galaxy S22 Purple 128GB Very Good - Refurbished  - Unlocked,$161.99,2025-10-27,https://www.ebay.com/itm/127257209493,https://i.ebayimg.com/images/g/7WcAAeSw9L5o~vZI/s-l500.webp,128 GB,Very Good,False,Galaxy S22,True
1,Samsung Galaxy S22+ Plus 5G S906U Unlocked (Any Carrier) 128GB 256GB Good,$179.99,2025-10-27,https://www.ebay.com/itm/326675786519,https://i.ebayimg.com/images/g/Xp4AAOSwJ4ZjBY2-/s-l500.webp,128 GB,Good,False,Galaxy S22,True
1,Samsung Galaxy S22 Black 128GB Good - Refurbished  - Unlocked,$152.99,2025-10-27,https://www.ebay.com/itm/127244140586,https://i.ebayimg.com/images/g/MK8AAeSwiCFpAPQp/s-l500.webp,128 GB,Good,False,Galaxy S22,True
1,Samsung Galaxy S22+ Black 128 Good - Refurbished  - Unlocked,$178.99,2025-10-27,https://www.ebay.com/itm/127185353533,https://i.ebayimg.com/images/g/JJ0AAeSw0qlo~~mj/s-l500.webp,Unknown,Good,False,Galaxy S22,True
1,Samsung Galaxy S22+ Plus 256GB Unlocked ATT T-Mobile Verizon Very Good Condition,$200.95,2025-10-27,https://www.ebay.com/itm/297168193514,https://i.ebayimg.com/images/g/Am4AAOSw~Gln7-Sk/s-l500.webp,256 GB,Very Good,False,Galaxy S22,True
1,Samsung Galaxy S22 S901 256GB Unlocked - Very Good,$185.95,2025-10-27,https://www.ebay.com/itm/365846334124,https://i.ebayimg.com/images/g/IzAAAOSwNXFlFYby/s-l500.webp,256 GB,Very Good,False,Galaxy S22,True
1,Samsung Galaxy S22 White 256GB Very Good - Refurbished  - Unlocked,$185.99,2025-10-27,https://www.ebay.com/itm/127435037236,https://i.ebayimg.com/images/g/DpMAAeSwuvlo~~no/s-l500.webp,256 GB,Very Good,False,Galaxy S22,True
1,Samsung Galaxy S22+ Green 128 Good - Refurbished  - Unlocked,$178.99,2025-10-27,https://www.ebay.com/itm/127199857496,https://i.ebayimg.com/images/g/DaoAAeSwyNdpAOit/s-l500.webp,Unknown,Good,False,Galaxy S22,True
1,Samsung Galaxy S22 Green 256GB Very Good - Refurbished  - Unlocked,$185.99,2025-10-27,https://www.ebay.com/itm/127442053043,https://i.ebayimg.com/images/g/MloAAeSwAR1o~-cb/s-l500.webp,256 GB,Very Good,False,Galaxy S22,True
1,Samsung Galaxy S22 SM-S901U Phantom Black 128GB Unlocked - Excellent,$277.67,2025-07-29,https://www.ebay.com/itm/176760756253,https://i.ebayimg.com/images/g/mEQAAOSwcHxnbvFx/s-l500.webp,128 GB,Excellent,False,Galaxy S22,True
1,Samsung Galaxy S22 256GB FACTORY Unlocked Verizon ATT TMobile Metro EXCELLENT,$229.48,2025-10-27,https://www.ebay.com/itm/126583047383,https://i.ebayimg.com/images/g/xr0AAOSwFZVlvsfM/s-l500.webp,256 GB,Excellent,False,Galaxy S22,True
1,Samsung Galaxy S22+ 256GB S906U Phantom Black Unlocked - Good,$179.98,2025-10-26,https://www.ebay.com/itm/157309019799,https://i.ebayimg.com/images/g/geEAAeSw8VFowINI/s-l500.webp,256 GB,Good,False,Galaxy S22,True
1,Samsung Galaxy S22 5G 128-256GB Fully Unlocked - Refurbished Excellent,$189.99,2025-10-26,https://www.ebay.com/itm/226908834874,https://i.ebayimg.com/images/g/ImQAAOSwje1kGbSU/s-l500.webp,256 GB,Excellent,False,Galaxy S22,True
1,Samsung Galaxy S22 5G SM-S901U1 128GB Unlocked Phone S901U Excellent Refurbished,$178.99,2025-10-26,https://www.ebay.com/itm/354471201026,https://i.ebayimg.com/images/g/9eoAAOSwBFJjPcD9/s-l500.webp,128 GB,Excellent,False,Galaxy S22,True
1,Samsung Galaxy S22+ SM-S906U Unlocked 128GB Phantom Black Good,$163.99,2025-10-26,https://www.ebay.com/itm/196518655332,https://i.ebayimg.com/images/g/8ZIAAOSwNCdmn-zm/s-l500.webp,128 GB,Good,False,Galaxy S22,True
1,"Samsung Galaxy S22+ (5G) SM-S906U 128GB GSM/CDMA FACTORY UNLOCKED ""Very Good""",$209.88,2025-10-26,https://www.ebay.com/itm/296200348417,https://i.ebayimg.com/images/g/zRUAAOSwv3llvAYl/s-l500.webp,128 GB,Very Good,False,Galaxy S22,True
1,Samsung Galaxy S22+ Plus SM-S906U 256GB 5G Unlocked Smartphone - Good Condition,$183.99,2025-10-26,https://www.ebay.com/itm/316486285641,https://i.ebayimg.com/images/g/PvUAAOSwu6JjYuz-/s-l500.webp,256 GB,Good,False,Galaxy S22,True
1,Samsung Galaxy S22 256GB S901U Unlocked - Excellent,$195.99,2025-10-26,https://www.ebay.com/itm/255819195815,https://i.ebayimg.com/images/g/Ku0AAeSwxhNojEHP/s-l500.webp,256 GB,Excellent,False,Galaxy S22,True
1,Samsung Galaxy S22 128GB Phantom Black- Unlocked - Excellent Refurbished,$152.74,2025-10-26,https://www.ebay.com/itm/226847062070,https://i.ebayimg.com/images/g/M~8AAeSwiE9oZqFC/s-l500.webp,128 GB,Excellent,False,Galaxy S22,True
1,Samsung Galaxy S22+ 128GB 256GB S906U Unlocked Smartphone - Good,$169.99,2025-10-26,https://www.ebay.com/itm/157315796959,https://i.ebayimg.com/images/g/k2EAAeSwzXZom4Ow/s-l500.webp,128 GB,Good,False,Galaxy S22,True
1,Samsung Galaxy S22+ White 128 Very Good - Refurbished  - Unlocked,$188.99,2025-10-25,https://www.ebay.com/itm/127201340283,https://i.ebayimg.com/images/g/-rIAAeSwqM1o~AVx/s-l500.webp,Unknown,Very Good,False,Galaxy S22,True
1,Samsung Galaxy S22 5G SM-S901U - 128GB - Green (Unlocked) - Good Condition,$155.19,2025-10-25,https://www.ebay.com/itm/306552940910,https://i.ebayimg.com/images/g/3-8AAeSwNXFo55N1/s-l500.webp,128 GB,Good,False,Galaxy S22,True
1,Samsung Galaxy S22 5G SM-S901U - 128GB - Black (Unlocked) - Good Condition,$155.19,2025-10-25,https://www.ebay.com/itm/306552940287,https://i.ebayimg.com/images/g/N8EAAeSwEQho55KI/s-l500.webp,128 GB,Good,False,Galaxy S22,True
1,"Samsung Galaxy S22+ Plus 5G 256GB Unlocked Black, 90% Battery Health - GOOD B+",$331.79,2025-10-25,https://www.ebay.com/itm/186298588854,https://i.ebayimg.com/images/g/ercAAOSwRRZjojuo/s-l500.webp,256 GB,Good,False,Galaxy S22,True
1,Samsung Galaxy S22 5G SM-S901U1F 128GB 256GB Factory Unlocked Excellent,$178.99,2025-10-25,https://www.ebay.com/itm/204721986791,https://i.ebayimg.com/images/g/9eoAAOSwBFJjPcD9/s-l500.webp,128 GB,Excellent,False,Galaxy S22,True
1,Samsung Galaxy S22 Purple 128GB Good - Refurbished  - Unlocked,$152.99,2025-10-25,https://www.ebay.com/itm/127239280933,https://i.ebayimg.com/images/g/pDsAAeSw77No~-IN/s-l500.webp,128 GB,Good,False,Galaxy S22,True
1,Samsung Galaxy S22 5G SM-S901U1 128GB 256GB Unlocked Good,$149.99,2025-10-25,https://www.ebay.com/itm/186378192943,https://i.ebayimg.com/images/g/mCkAAOSwV3lnOXZg/s-l500.webp,128 GB,Good,False,Galaxy S22,True
1,Samsung Galaxy S22 Black 256GB Very Good - Refurbished  - Unlocked,$185.99,2025-10-25,https://www.ebay.com/itm/127443001776,https://i.ebayimg.com/images/g/SUsAAeSwVLdo~TQK/s-l500.webp,256 GB,Very Good,False,Galaxy S22,True
1,Samsung Galaxy S22+ SM-S906U T-Mobile Unlocked 128GB Phantom Black Good,$167.99,2025-10-25,https://www.ebay.com/itm/196519176262,https://i.ebayimg.com/images/g/~uQAAOSwH5tmoFtl/s-l500.webp,128 GB,Good,False,Galaxy S22,True
1,Samsung Galaxy S22 - 128GB - Bora Purple - Fully Unlocked 5G - Good,$159.99,2025-10-24,https://www.ebay.com/itm/257044455653,https://i.ebayimg.com/images/g/DO4AAeSw1Cloi9K1/s-l500.webp,128 GB,Good,False,Galaxy S22,True
1,Samsung Galaxy S22 Sm-s901u 5g Fully Unlocked 6.1in 128GB - Very Good,$219.00,2025-10-24,https://www.ebay.com/itm/145802924694,https://i.ebayimg.com/images/g/-c0AAeSwo1Bo5odR/s-l500.webp,128 GB,Very Good,False,Galaxy S22,True
1,Samsung Galaxy S22 (5G)  128GB Black *UNLOCKED* [SM-S901U] Excellent Refurbished,$167.99,2025-10-24,https://www.ebay.com/itm/145576662437,https://i.ebayimg.com/images/g/cBkAAOSwAY5kZnAE/s-l500.webp,128 GB,Excellent,False,Galaxy S22,True
1,Samsung Galaxy S22+ Plus 5G SM-S906U1 256GB Unlocked Excellent Refurbished,$239.99,2025-10-24,https://www.ebay.com/itm/354471193925,https://i.ebayimg.com/images/g/9eoAAOSwBFJjPcD9/s-l500.webp,256 GB,Excellent,False,Galaxy S22,True
1,Samsung Galaxy S22 5G SM-S901U - 128GB - Black (Unlocked) - Good Condition,$159.99,2025-10-24,https://www.ebay.com/itm/306563817047,https://i.ebayimg.com/images/g/qN4AAeSwZhNo8ja2/s-l500.webp,128 GB,Good,False,Galaxy S22,True
1,Samsung Galaxy S22 SM-S901U 5G - 128GB Unlocked Smartphone - Very Good Condition,$157.99,2025-10-24,https://www.ebay.com/itm/314214264884,https://i.ebayimg.com/images/g/lGcAAOSwbgxjYuVQ/s-l500.webp,128 GB,Very Good,False,Galaxy S22,True
1,Samsung Galaxy S22 White 128GB Very Good - Refurbished  - Unlocked,$161.99,2025-10-24,https://www.ebay.com/itm/127257209813,https://i.ebayimg.com/images/g/O9EAAeSwLSdo~Mfn/s-l500.webp,128 GB,Very Good,False,Galaxy S22,True
1,Samsung Galaxy S22 | S22+ 5G 128GB | 256GB (Unlocked) Smartphone - Excellent,$170.95,2025-10-24,https://www.ebay.com/itm/186516729484,https://i.ebayimg.com/images/g/I40AAOSwjqNmexfn/s-l500.webp,128 GB,Excellent,False,Galaxy S22,True
1,Samsung Galaxy S22 (5G) 128GB Black *UNLOCKED* [SM-S901U] Very Good Refurbished,$155.99,2025-10-24,https://www.ebay.com/itm/146051641403,https://i.ebayimg.com/images/g/gMoAAOSwfrpmw5M~/s-l500.webp,128 GB,Very Good,False,Galaxy S22,True
1,Samsung Galaxy S22 128GB Unlocked AT&T T-Mobile Verizon Very Good Condition,$167.95,2025-10-24,https://www.ebay.com/itm/306199694505,https://i.ebayimg.com/images/g/Un8AAOSw2Ipn4dPr/s-l500.webp,128 GB,Very Good,False,Galaxy S22,True
1,Samsung Galaxy S22 5G SM-S901U1 128GB 256GB Unlocked Very Good,$164.99,2025-10-23,https://www.ebay.com/itm/186372216016,https://i.ebayimg.com/images/g/9eoAAOSwBFJjPcD9/s-l500.webp,128 GB,Very Good,False,Galaxy S22,True
1,Samsung Galaxy S22+ Black Excellent - Refurbished  - Unlocked,$238.99,2025-09-16,https://www.ebay.com/itm/127199737940,https://i.ebayimg.com/images/g/T7kAAeSw6YxotxHx/s-l500.webp,Unknown,Excellent,False,Galaxy S22,True
1,Samsung Galaxy S22 Black 256GB Good - Refurbished  - Unlocked,$175.99,2025-09-06,https://www.ebay.com/itm/127199726781,https://i.ebayimg.com/images/g/mEwAAeSwj8Vo9S3D/s-l500.webp,256 GB,Good,False,Galaxy S22,True
1,Samsung Galaxy S22+  128GB (Unlocked) - Phantom Black,$189.95,2025-10-23,https://www.ebay.com/itm/365543930487,https://i.ebayimg.com/images/g/Z9EAAeSwt15pAYHt/s-l500.webp,128 GB,Unknown,False,Galaxy S22,True
1,Samsung Galaxy S22+ SM-S906U Verizon Unlocked 128GB Phantom Black Good,$178.47,2025-10-23,https://www.ebay.com/itm/196519377994,https://i.ebayimg.com/images/g/gmEAAOSw1IdmoIER/s-l500.webp,128 GB,Good,False,Galaxy S22,True
1,Samsung Galaxy S22 5G SM-S901U1 256GB Unlocked AT&T T-Mobile Very Good Refurbish,$187.99,2025-10-23,https://www.ebay.com/itm/205349317792,https://i.ebayimg.com/images/g/9eoAAOSwBFJjPcD9/s-l500.webp,256 GB,Very Good,False,Galaxy S22,True
1,Samsung Galaxy S22 S901 128GB Unlocked - Good,$149.95,2025-10-23,https://www.ebay.com/itm/365290398310,https://i.ebayimg.com/images/g/u-AAAOSw46tlFYbZ/s-l500.webp,128 GB,Good,False,Galaxy S22,True
1,Samsung Galaxy S22+ 256GB S906U Unlocked - Excellent,$223.99,2025-10-23,https://www.ebay.com/itm/255839657638,https://i.ebayimg.com/images/g/DF8AAeSwWnhoL2zw/s-l500.webp,256 GB,Excellent,False,Galaxy S22,True
1,Samsung Galaxy S22+ SM-S906U1 Unlocked 256GB Sky Blue Good,$180.99,2025-10-23,https://www.ebay.com/itm/187564363833,https://i.ebayimg.com/images/g/1NcAAeSw6IRoxLMm/s-l500.webp,256 GB,Good,False,Galaxy S22,True
1,Samsung Galaxy S22 5G SM-S901U - 128GB - Black (Unlocked) - Good Condition,$150.53,2025-10-23,https://www.ebay.com/itm/306529927165,https://i.ebayimg.com/images/g/-xYAAeSwV81o2j-X/s-l500.webp,128 GB,Good,False,Galaxy S22,True
1,Samsung Galaxy S22+ Black 128 Excellent - Refurbished  - Unlocked,$199.99,2025-09-15,https://www.ebay.com/itm/127264717369,https://i.ebayimg.com/images/g/g3oAAeSw8IZozktv/s-l500.webp,Unknown,Excellent,False,Galaxy S22,True
1,Samsung Galaxy S22 SM-S901U 5G - 128GB Unlocked Smartphone - Good Condition,$143.99,2025-10-22,https://www.ebay.com/itm/195449177206,https://i.ebayimg.com/images/g/lGcAAOSwbgxjYuVQ/s-l500.webp,128 GB,Good,False,Galaxy S22,True
1,Samsung Galaxy S22 Green 128GB Very Good - Refurbished  - Unlocked,$161.99,2025-10-22,https://www.ebay.com/itm/127257209729,https://i.ebayimg.com/images/g/REUAAeSwbIppAPhW/s-l500.webp,128 GB,Very Good,False,Galaxy S22,True
1,Samsung Galaxy S22+ Plus 5G - 128GB Black *UNLOCKED* Excellent [SM-S906U],$201.99,2025-10-22,https://www.ebay.com/itm/145555777879,https://i.ebayimg.com/images/g/KHwAAOSwXiNlUqQQ/s-l500.webp,128 GB,Excellent,False,Galaxy S22,True
1,Samsung Galaxy S22+ Plus 5G S906U Unlocked (Any Carrier) Very Good,$177.99,2025-10-22,https://www.ebay.com/itm/225771633541,https://i.ebayimg.com/images/g/Xp4AAOSwJ4ZjBY2-/s-l500.webp,Unknown,Very Good,False,Galaxy S22,True
1,Samsung Galaxy S22+ Green 128 Very Good - Refurbished  - Unlocked,$188.99,2025-10-21,https://www.ebay.com/itm/127396702040,https://i.ebayimg.com/images/g/YQUAAeSwenJo9S2k/s-l500.webp,Unknown,Very Good,False,Galaxy S22,True
1,"SAMSUNG Galaxy S22 5G (128GB, 8GB) 6.1"" Fully Unlocked (GSM+Verizon) S901U1",$160.99,2025-03-05,https://www.ebay.com/itm/145850790526,https://i.ebayimg.com/images/g/INoAAeSwuOtotgBh/s-l500.webp,128 GB,Unknown,False,Galaxy S22,True
1,"SAMSUNG Galaxy S22 5G (128GB, 8GB) 6.1"" Factory Unlocked (GSM + Verizon) S901U1",$169.99,2025-07-31,https://www.ebay.com/itm/145850739174,https://i.ebayimg.com/images/g/WNUAAeSwXLRosJ3d/s-l500.webp,128 GB,Unknown,False,Galaxy S22,True
1,Samsung Galaxy S22 5G - 128GB  - Unlocked - Excellent Refurbished - All Colors,$250.00,2025-04-05,https://www.ebay.com/itm/156375281666,https://i.ebayimg.com/images/g/BAwAAOSwB9xmzJDI/s-l500.webp,128 GB,Excellent,False,Galaxy S22,True
1,Samsung Galaxy S22+ Plus 256GB Unlocked ATT T-Mobile Verizon Excellent Condition,$233.95,2025-10-21,https://www.ebay.com/itm/297170973789,https://i.ebayimg.com/images/g/HxsAAOSwbAhn7DjW/s-l500.webp,256 GB,Excellent,False,Galaxy S22,True
1,Samsung Galaxy S22+ 5G S906U 128GB GSM/CDMA Unlocked Android -Black - Very Good,$285.00,2023-08-08,https://www.ebay.com/itm/256117333533,https://i.ebayimg.com/images/g/gsgAAOSwf-dkkzaa/s-l500.webp,128 GB,Very Good,False,Galaxy S22,True
1,Samsung Galaxy S22+ Plus 128GB Pink Gold | UNLOCKED (SM-S906U) Very Good Refurb,$171.99,2025-10-21,https://www.ebay.com/itm/146307189568,https://i.ebayimg.com/images/g/TDUAAOSwlQNkHPPV/s-l500.webp,128 GB,Very Good,False,Galaxy S22,True
1,Samsung Galaxy S22 (5G) 256GB Black *UNLOCKED* [SM-S901U] Very Good Refurbished,$186.99,2025-10-21,https://www.ebay.com/itm/146051670131,https://i.ebayimg.com/images/g/gMoAAOSwfrpmw5M~/s-l500.webp,256 GB,Very Good,False,Galaxy S22,True
1,Samsung Galaxy S22 5G S901U Verizon Straight Talk Unlocked T-Mobile AT&T Mint,$151.99,2025-09-17,https://www.ebay.com/itm/177139797785,https://i.ebayimg.com/images/g/htYAAOSw1ytn7tE0/s-l500.webp,Unknown,Unknown,False,Galaxy S22,True
2,Samsung Galaxy S22 | S22+ 5G 128GB 256GB - Unlocked T-Mobile AT&T - Very Good,$151.95,2025-10-20,https://www.ebay.com/itm/266874546345,https://i.ebayimg.com/images/g/oDwAAOSwyNZmea7L/s-l500.webp,128 GB,Very Good,False,Galaxy S22,True
2,Samsung Galaxy S22 SM-S901U Unlocked 128GB Pink Gold Very Good,$204.37,2025-10-19,https://www.ebay.com/itm/176486251527,https://i.ebayimg.com/images/g/C3QAAOSweEdmn-SD/s-l500.webp,128 GB,Very Good,False,Galaxy S22,True
2,Samsung Galaxy S22 5G SM-S901U 256GB 8GB Unlocked Black Good Condition,$206.10,2025-10-19,https://www.ebay.com/itm/406149892931,https://i.ebayimg.com/images/g/eWsAAeSwwFpokFTp/s-l500.webp,256 GB,Good,False,Galaxy S22,True
2,Samsung Galaxy S22 Purple 256GB Good - Refurbished  - Unlocked,$175.99,2025-10-18,https://www.ebay.com/itm/127392824476,https://i.ebayimg.com/images/g/fBYAAeSwXgppAgin/s-l500.webp,256 GB,Good,False,Galaxy S22,True
2,Samsung Galaxy S22 White 256GB Good - Refurbished  - Unlocked,$183.99,2025-09-18,https://www.ebay.com/itm/127376280093,https://i.ebayimg.com/images/g/jakAAeSw7EFo4rh0/s-l500.webp,256 GB,Good,False,Galaxy S22,True
2,Samsung Galaxy S22+ Plus - 128GB - Black - Fully Unlocked 5G - Good,$169.99,2025-10-17,https://www.ebay.com/itm/257044439413,https://i.ebayimg.com/images/g/rUUAAOSwcipnNQgN/s-l500.webp,128 GB,Good,False,Galaxy S22,True
2,Samsung Galaxy S22 5G SM-S901U - 256GB - Green (Unlocked) - Good Condition,$168.20,2025-10-17,https://www.ebay.com/itm/306493877828,https://i.ebayimg.com/images/g/sUYAAeSwNKdovmg3/s-l500.webp,256 GB,Good,False,Galaxy S22,True
2,Samsung Galaxy S22+ 5G 128GB Unlocked Excellent Condition,$198.08,2025-10-17,https://www.ebay.com/itm/357352734868,https://i.ebayimg.com/images/g/a5AAAeSwmLFog55o/s-l500.webp,128 GB,Excellent,False,Galaxy S22,True
2,Samsung Galaxy S22 - Factory Unlocked - 256GB - Green - Good,$189.00,2023-03-17,https://www.ebay.com/itm/275749717373,https://i.ebayimg.com/images/g/iykAAOSwtnNirPNi/s-l500.webp,256 GB,Good,False,Galaxy S22,True
2,Samsung Galaxy S22+ PLUS 256GB FACTORY UNLOCKED VERIZON ATT TMOBILE - EXCELLENT,$249.48,2025-10-17,https://www.ebay.com/itm/135066951897,https://i.ebayimg.com/images/g/xr0AAOSwFZVlvsfM/s-l500.webp,256 GB,Excellent,False,Galaxy S22,True
2,Samsung Galaxy S22 5G 128GB Unlocked Very Good Condition,$142.50,2025-10-16,https://www.ebay.com/itm/357459875968,https://i.ebayimg.com/images/g/XcYAAeSwl~Ronit6/s-l500.webp,128 GB,Very Good,False,Galaxy S22,True
2,"SAMSUNG Galaxy S22+ 5G (256GB, 8GB) 6.6"" Factory Unlocked (GSM + Verizon) S906U1",$200.99,2025-06-05,https://www.ebay.com/itm/134858311851,https://i.ebayimg.com/images/g/Op8AAeSwfYBopMuS/s-l500.webp,256 GB,Unknown,False,Galaxy S22,True
2,Samsung Galaxy S22 Gold 128GB Very Good - Refurbished  - Unlocked,$166.99,2025-09-15,https://www.ebay.com/itm/127244140413,https://i.ebayimg.com/images/g/8lgAAeSwIxVo3HnZ/s-l500.webp,128 GB,Very Good,False,Galaxy S22,True
2,Samsung Galaxy S22 Gold 128GB Excellent - Refurbished  - Unlocked,$174.99,2025-09-13,https://www.ebay.com/itm/127187183408,https://i.ebayimg.com/images/g/~PYAAeSwFo9o5DK0/s-l500.webp,128 GB,Excellent,False,Galaxy S22,True
2,Samsung Galaxy S22 Purple 256GB Very Good - Refurbished  - Unlocked,$185.99,2025-10-16,https://www.ebay.com/itm/127264717153,https://i.ebayimg.com/images/g/l6UAAeSw9whpANKR/s-l500.webp,256 GB,Very Good,False,Galaxy S22,True
2,Samsung Galaxy S22 5G SM-S901U1F 128GB 256GB Factory Unlocked Very Good,$164.99,2025-10-15,https://www.ebay.com/itm/204721985907,https://i.ebayimg.com/images/g/9eoAAOSwBFJjPcD9/s-l500.webp,128 GB,Very Good,False,Galaxy S22,True
2,Samsung Galaxy S22+ PLUS 128GB 256GB BLACK WHITE GREEN PINK UNLOCKED,$219.00,2025-10-15,https://www.ebay.com/itm/145571241547,https://i.ebayimg.com/images/g/SGwAAOSwaKVlsAp0/s-l500.webp,128 GB,Unknown,False,Galaxy S22,True
2,Samsung Galaxy S22 256GB Unlocked AT&T T-Mobile Verizon Very Good Condition,$190.95,2025-10-15,https://www.ebay.com/itm/297145899564,https://i.ebayimg.com/images/g/SjcAAOSwFOdn4dQX/s-l500.webp,256 GB,Very Good,False,Galaxy S22,True
2,Samsung Galaxy S22+ Plus 256GB Unlocked ATT T-Mobile Verizon Good Condition,$186.95,2025-10-15,https://www.ebay.com/itm/297168194621,https://i.ebayimg.com/images/g/vKcAAOSwNCtn7pPF/s-l500.webp,256 GB,Good,False,Galaxy S22,True
2,"Samsung Galaxy S22 (5G) SM-S901U 128GB GSM/CDMA FACTORY UNLOCKED ""Very Good""",$204.88,2025-10-15,https://www.ebay.com/itm/296200318366,https://i.ebayimg.com/images/g/SpAAAOSw~MFlu~8F/s-l500.webp,128 GB,Very Good,False,Galaxy S22,True
2,Samsung Galaxy S22+ SM-S906U - 128GB - Phantom Black (Unlocked) Very Good,$229.88,2025-10-15,https://www.ebay.com/itm/295783572317,https://i.ebayimg.com/images/g/DPkAAOSwyG1kmc61/s-l500.webp,128 GB,Very Good,False,Galaxy S22,True
2,Fully Unlocked Samsung Galaxy S22 5G 128GB SM-S901U  All Colors - VERY GOOD,$191.99,2025-10-15,https://www.ebay.com/itm/145656047561,https://i.ebayimg.com/images/g/D5cAAOSwdHljbv14/s-l500.webp,128 GB,Very Good,False,Galaxy S22,True
2,Samsung Galaxy S22 128GB (SM-S901U1) Unlocked- Excellent Refurbished,$134.99,2025-10-14,https://www.ebay.com/itm/226823933860,https://i.ebayimg.com/images/g/9EMAAOSwrBloVFTb/s-l500.webp,128 GB,Excellent,False,Galaxy S22,True
2,Samsung Galaxy S22 128GB Factory Unlocked AT&T T-Mobile Verizon Good Condition,$153.95,2025-10-14,https://www.ebay.com/itm/297145899936,https://i.ebayimg.com/images/g/2TAAAOSwMNpn4dRD/s-l500.webp,128 GB,Good,False,Galaxy S22,True
2,Samsung Galaxy S22 | S22+ 5G 128GB 256GB - (Unlocked) Smartphone - Excellent,$170.95,2025-10-13,https://www.ebay.com/itm/256553024743,https://i.ebayimg.com/images/g/67UAAOSwDHhmea3v/s-l500.webp,128 GB,Excellent,False,Galaxy S22,True
2,Samsung Galaxy S22 | S22+ 5G 128GB | 256GB (Unlocked) Verizon T-Mobile AT&T,$151.95,2025-10-13,https://www.ebay.com/itm/186516730243,https://i.ebayimg.com/images/g/jTkAAOSww6lmexX2/s-l500.webp,128 GB,Unknown,False,Galaxy S22,True
2,Samsung Galaxy S22 5G SM-S901U1 256GB Unlocked AT&T T-Mobile Excellent Refurbish,$210.99,2025-10-13,https://www.ebay.com/itm/186401511911,https://i.ebayimg.com/images/g/9eoAAOSwBFJjPcD9/s-l500.webp,256 GB,Excellent,False,Galaxy S22,True
2,Samsung Galaxy S22+ Plus 5G S906U Verizon Unlocked T-Mobile US Cellular Spectrum,$189.99,2025-10-13,https://www.ebay.com/itm/226958169165,https://i.ebayimg.com/images/g/NhUAAOSwNe9oWsu6/s-l500.webp,Unknown,Unknown,False,Galaxy S22,True
2,Samsung Galaxy S22 5G SM-S901U - 128GB - Black (Unlocked) - Very Good Condition,$213.39,2025-03-20,https://www.ebay.com/itm/305973041106,https://i.ebayimg.com/images/g/cgIAAOSwIdJli951/s-l500.webp,128 GB,Very Good,False,Galaxy S22,True
2,Samsung Galaxy S22 5G 256GB Phantom White Unlocked Good Condition,$189.99,2025-10-13,https://www.ebay.com/itm/286869600386,https://i.ebayimg.com/images/g/8kUAAeSwtMZo-FOG/s-l500.webp,256 GB,Good,False,Galaxy S22,True
2,Samsung Galaxy S22 5G SM-S901U - 128GB - Black (Unlocked) - Good Condition,$155.19,2025-10-12,https://www.ebay.com/itm/306529913939,https://i.ebayimg.com/images/g/8aUAAeSw8hNo2j8V/s-l500.webp,128 GB,Good,False,Galaxy S22,True
2,Samsung Galaxy S22 SM-S901U 256GB Green UNLOCKED Very Good Refurbished,$191.99,2025-10-12,https://www.ebay.com/itm/144990845047,https://i.ebayimg.com/images/g/DbcAAOSwDHxj77aN/s-l500.webp,256 GB,Very Good,False,Galaxy S22,True
2,Samsung Galaxy S22+ SM-S906U Unlocked 128GB Green Good,$185.28,2025-10-12,https://www.ebay.com/itm/196519300945,https://i.ebayimg.com/images/g/0MYAAOSwRtZmoGxm/s-l500.webp,128 GB,Good,False,Galaxy S22,True
2,Samsung Galaxy S22 - 128GB - Black - Fully Unlocked 5G - Good,$159.99,2025-10-12,https://www.ebay.com/itm/257044450959,https://i.ebayimg.com/images/g/9EcAAOSwmnNnLBGd/s-l500.webp,128 GB,Good,False,Galaxy S22,True
2,Samsung Galaxy S22 5G - 128GB Bora Purple *UNLOCKED* [SM-S901U] Excellent Refurb,$181.99,2025-10-12,https://www.ebay.com/itm/145972343959,https://i.ebayimg.com/images/g/fuUAAOSwV~NkKvI1/s-l500.webp,128 GB,Excellent,False,Galaxy S22,True
2,Samsung Galaxy S22 Gold 128GB Good - Refurbished  - Unlocked,$152.99,2025-10-12,https://www.ebay.com/itm/127244140495,https://i.ebayimg.com/images/g/SxMAAeSwK39o9Sz-/s-l500.webp,128 GB,Good,False,Galaxy S22,True
2,Samsung Galaxy S22+ Gold 128GB Excellent - Refurbished  - Unlocked,$197.99,2025-10-11,https://www.ebay.com/itm/127378100756,https://i.ebayimg.com/images/g/xjQAAeSwQyto9rqk/s-l500.webp,128 GB,Excellent,False,Galaxy S22,True
2,"SAMSUNG Galaxy S22+ 5G (256GB, 8GB) 6.6"" Factory Unlocked (GSM + Verizon) S906U1",$182.46,2025-06-06,https://www.ebay.com/itm/146582031885,https://i.ebayimg.com/images/g/2uwAAeSwjvlovLvF/s-l500.webp,256 GB,Unknown,False,Galaxy S22,True
2,"SAMSUNG Galaxy S22 5G (256GB, 8GB) 6.1"" Fully Unlocked (GSM+Verizon) S901U1",$219.99,2023-03-28,https://www.ebay.com/itm/134489605154,https://i.ebayimg.com/images/g/gRgAAeSwjIZo17dW/s-l500.webp,256 GB,Unknown,False,Galaxy S22,True
2,Samsung Galaxy S22+ Plus | 128GB | White *UNLOCKED* Very Good Refurb (SM-S906U),$172.99,2025-10-11,https://www.ebay.com/itm/145787692765,https://i.ebayimg.com/images/g/b5UAAOSwBwhk72PI/s-l500.webp,128 GB,Very Good,False,Galaxy S22,True
2,Samsung Galaxy S22+ Plus 5G 128GB S906U Verizon/Unlocked Smartphone - Very Good,$284.20,2025-04-12,https://www.ebay.com/itm/267217510764,https://i.ebayimg.com/images/g/IXAAAOSwdYtjPMUF/s-l500.webp,128 GB,Very Good,False,Galaxy S22,True
2,Samsung Galaxy S22+ Plus  (SM-S906U) 128GB | Black | UNLOCKED | Very Good Refurb,$177.99,2025-10-11,https://www.ebay.com/itm/144992345138,https://i.ebayimg.com/images/g/sZoAAOSwXsdkFNb8/s-l500.webp,128 GB,Very Good,False,Galaxy S22,True
2,Samsung Galaxy S22+ SM-S906U1 Unlocked 128GB Cream Good,$167.99,2025-10-11,https://www.ebay.com/itm/197757948861,https://i.ebayimg.com/images/g/--4AAeSwDNFo5tyN/s-l500.webp,128 GB,Good,False,Galaxy S22,True
2,Samsung Galaxy S22+ Green 256 Good - Refurbished  - Unlocked,$196.99,2025-10-11,https://www.ebay.com/itm/127394851500,https://i.ebayimg.com/images/g/G-UAAeSw79Jo9S1a/s-l500.webp,Unknown,Good,False,Galaxy S22,True
2,Samsung Galaxy S22+ Plus SM-S906U 128GB 5G Unlocked Smartphone - Good Condition,$160.99,2025-10-10,https://www.ebay.com/itm/405736392866,https://i.ebayimg.com/images/g/PvUAAOSwu6JjYuz-/s-l500.webp,128 GB,Good,False,Galaxy S22,True
2,"SAMSUNG Galaxy S22 5G (128GB, 8GB) 6.1"" Factory Unlocked (GSM + Verizon) S901U1",$208.99,2025-08-01,https://www.ebay.com/itm/144766055496,https://i.ebayimg.com/images/g/cL4AAeSwtpdoqLUt/s-l500.webp,128 GB,Unknown,False,Galaxy S22,True
2,"SAMSUNG Galaxy S22 5G (256GB, 8GB) 6.1"" Factory Unlocked (GSM + Verizon) S901U1",$187.99,2025-07-19,https://www.ebay.com/itm/135788770208,https://i.ebayimg.com/images/g/FMMAAeSw3YdotgAJ/s-l500.webp,256 GB,Unknown,False,Galaxy S22,True
2,Samsung Galaxy S22 256GB Unlocked AT&T T-Mobile Verizon Excellent Condition,$214.95,2025-10-10,https://www.ebay.com/itm/306199695076,https://i.ebayimg.com/images/g/0~0AAOSwG25n4dSg/s-l500.webp,256 GB,Excellent,False,Galaxy S22,True
2,Samsung Galaxy S22 5G SM-S901U 128GB - Black (Unlocked) Smartphone - Good,$165.00,2025-10-10,https://www.ebay.com/itm/335669421723,https://i.ebayimg.com/images/g/8-sAAOSwWYVlai-6/s-l500.webp,128 GB,Good,False,Galaxy S22,True
2,"SAMSUNG Galaxy S22 5G (128GB, 8GB) 6.1"" Factory Unlocked (GSM + Verizon) S901U1",$155.29,2025-03-04,https://www.ebay.com/itm/155306543573,https://i.ebayimg.com/images/g/3YUAAeSwd01ovLxK/s-l500.webp,128 GB,Unknown,False,Galaxy S22,True
2,SAMSUNG GALAXY S22 5G 128GB - SM-S901UZGAXAA - UNLOCKED - GREEN,$349.00,2025-10-09,https://www.ebay.com/itm/157219746678,https://i.ebayimg.com/images/g/PJMAAeSwRCxo2~26/s-l500.webp,128 GB,Unknown,False,Galaxy S22,True
2,Samsung Galaxy S22+ Plus SM-S906U 128GB 5G Unlocked Smartphone - Very Good,$172.99,2025-10-08,https://www.ebay.com/itm/197187603843,https://i.ebayimg.com/images/g/PvUAAOSwu6JjYuz-/s-l500.webp,128 GB,Very Good,False,Galaxy S22,True
2,Samsung Galaxy S22 SMS901U 256GB Unlocked Very Good Condition,$184.99,2025-10-07,https://www.ebay.com/itm/357498647304,https://i.ebayimg.com/images/g/IY8AAeSwWi9op5ev/s-l500.webp,256 GB,Very Good,False,Galaxy S22,True
2,Samsung Galaxy S22+ Black 256 Very Good - Refurbished  - Unlocked,$207.99,2025-10-06,https://www.ebay.com/itm/127199738010,https://i.ebayimg.com/images/g/BToAAeSw309o9rrf/s-l500.webp,Unknown,Very Good,False,Galaxy S22,True
2,Samsung Galaxy S22+ Gold 256 Very Good - Refurbished  - Unlocked,$207.99,2025-10-06,https://www.ebay.com/itm/127199912558,https://i.ebayimg.com/images/g/9gQAAeSwV8Jo9S0e/s-l500.webp,Unknown,Very Good,False,Galaxy S22,True
2,"SAMSUNG Galaxy S22 5G (256GB, 8GB) 6.1"" Factory Unlocked (GSM + Verizon) S901U1",$215.59,2025-07-19,https://www.ebay.com/itm/156295547089,https://i.ebayimg.com/images/g/6dYAAeSw02Fo4nMl/s-l500.webp,256 GB,Unknown,False,Galaxy S22,True
2,"Samsung Galaxy S22 5G 128GB FACTORY UNLOCKED 6.1"" Smartphone - VERY GOOD",$182.00,2025-10-06,https://www.ebay.com/itm/236022475609,https://i.ebayimg.com/images/g/0f8AAOSwHPtnYc2G/s-l500.webp,128 GB,Very Good,False,Galaxy S22,True
2,Samsung Galaxy S22+ 128GB 256GB S906U Unlocked Smartphone - Very Good,$194.99,2025-10-06,https://www.ebay.com/itm/157326236160,https://i.ebayimg.com/images/g/k2EAAeSwzXZom4Ow/s-l500.webp,128 GB,Very Good,False,Galaxy S22,True
2,Samsung Galaxy S22 5G SM-S901U - 128GB - Pink (Unlocked) - Good Condition,$200.78,2025-03-28,https://www.ebay.com/itm/306161843791,https://i.ebayimg.com/images/g/ku4AAOSwUkxnwcTk/s-l500.webp,128 GB,Good,False,Galaxy S22,True
2,Samsung Galaxy S22 5G 128GB Unlocked Excellent Condition,$167.51,2025-10-06,https://www.ebay.com/itm/357352723552,https://i.ebayimg.com/images/g/bQsAAeSw7uxog5ye/s-l500.webp,128 GB,Excellent,False,Galaxy S22,True
2,Samsung Galaxy S22+ Green 256 Very Good - Refurbished  - Unlocked,$209.99,2025-10-05,https://www.ebay.com/itm/127392824540,https://i.ebayimg.com/images/g/8IUAAeSwYnFo4riV/s-l500.webp,Unknown,Very Good,False,Galaxy S22,True
2,Samsung Galaxy S22+ Plus 5G - 256GB Pink Gold *UNLOCKED* Excellent [SM-S906U],$221.99,2025-10-05,https://www.ebay.com/itm/145555779773,https://i.ebayimg.com/images/g/hkUAAOSwgXhlUqOf/s-l500.webp,256 GB,Excellent,False,Galaxy S22,True
2,Samsung Galaxy S22+ PLUS 5G UNLOCKED DUAL SIM Smartphone SM-S9060/DS - VERY GOOD,$236.00,2025-03-13,https://www.ebay.com/itm/226630172265,https://i.ebayimg.com/images/g/xHoAAOSwS~lnx4AA/s-l500.webp,Unknown,Very Good,False,Galaxy S22,True
2,Samsung Galaxy S22 Sm-s901u 5g Fully Unlocked  6.1in 128GB - Excellent,$215.00,2025-10-04,https://www.ebay.com/itm/145699092141,https://i.ebayimg.com/images/g/xDwAAeSwBpJopkQf/s-l500.webp,128 GB,Excellent,False,Galaxy S22,True
2,Samsung Galaxy S22 S901U 128GB Phantom Black (Unlocked) - Very Good,$187.99,2025-10-04,https://www.ebay.com/itm/166641606717,https://i.ebayimg.com/images/g/tUcAAOSw5d9l7tIb/s-l500.webp,128 GB,Very Good,False,Galaxy S22,True
2,Samsung Galaxy S22 SM-S901W Unlocked 128GB Phantom White Good,$157.79,2025-10-03,https://www.ebay.com/itm/187582105657,https://i.ebayimg.com/images/g/49QAAeSwAKNozcgO/s-l500.webp,128 GB,Good,False,Galaxy S22,True
2,Samsung Galaxy S22 Gold 256GB Good - Refurbished  - Unlocked,$175.99,2025-10-03,https://www.ebay.com/itm/127382379426,https://i.ebayimg.com/images/g/pOMAAeSwJqJo-Pi8/s-l500.webp,256 GB,Good,False,Galaxy S22,True
2,Samsung Galaxy S22+ Plus 5G - 256GB Black *UNLOCKED* Excellent [SM-S906U],$231.99,2025-10-02,https://www.ebay.com/itm/145555779771,https://i.ebayimg.com/images/g/KHwAAOSwXiNlUqQQ/s-l500.webp,256 GB,Excellent,False,Galaxy S22,True
2,Samsung Galaxy S22 - 128GB 256GB - All Colors - Very Good Condition,$175.00,2025-10-02,https://www.ebay.com/itm/285843054921,https://i.ebayimg.com/images/g/6F0AAOSwb9VmNUQi/s-l500.webp,128 GB,Very Good,False,Galaxy S22,True
2,REFURBISHED Samsung Galaxy S22+ PLUS 128GB BLACK WHITE GREEN PINK UNLOCKED,$199.00,2025-10-02,https://www.ebay.com/itm/116695295942,https://i.ebayimg.com/images/g/Ff8AAeSwpC9oeSqz/s-l500.webp,128 GB,Unknown,False,Galaxy S22,True
2,Samsung Galaxy S22+ Plus SM-S906U 256GB 5G Unlocked Smartphone - Very Good,$187.99,2025-10-02,https://www.ebay.com/itm/197103011455,https://i.ebayimg.com/images/g/PvUAAOSwu6JjYuz-/s-l500.webp,256 GB,Very Good,False,Galaxy S22,True
2,Samsung Galaxy S22+ Plus (5G) SM-S906U- Unlocked - 256GB Pink - Good Refurbished,$190.99,2025-10-02,https://www.ebay.com/itm/146862428656,https://i.ebayimg.com/images/g/sTAAAeSw6WFo2tHe/s-l500.webp,256 GB,Good,False,Galaxy S22,True
2,Samsung Galaxy S22 SM-S901U1 Unlocked 128GB Cream Very Good,$244.99,2024-09-03,https://www.ebay.com/itm/196600507608,https://i.ebayimg.com/images/g/RecAAOSwIC5m1VuV/s-l500.webp,128 GB,Very Good,False,Galaxy S22,True
2,Samsung Galaxy S22 - 128GB - Phantom White - Unlocked  Excellent Refurbished,$149.99,2025-10-01,https://www.ebay.com/itm/226681126325,https://i.ebayimg.com/images/g/vIgAAOSwTZhn7qfR/s-l500.webp,128 GB,Excellent,False,Galaxy S22,True
2,Samsung Galaxy S22 Black 128GB Excellent - Refurbished  - Unlocked,$174.99,2025-10-01,https://www.ebay.com/itm/127407155693,https://i.ebayimg.com/images/g/EeUAAeSwivlo3b53/s-l500.webp,128 GB,Excellent,False,Galaxy S22,True
2,"Samsung Galaxy S22 5G 128GB 6.1"" Smartphone - GOOD",$168.00,2025-10-01,https://www.ebay.com/itm/235907190166,https://i.ebayimg.com/images/g/0f8AAOSwHPtnYc2G/s-l500.webp,128 GB,Good,False,Galaxy S22,True
2,Samsung Galaxy S22 SM-S901U Unlocked 128GB Green Good,$154.99,2025-10-01,https://www.ebay.com/itm/186586525731,https://i.ebayimg.com/images/g/powAAOSweJpmn-Xp/s-l500.webp,128 GB,Good,False,Galaxy S22,True
2,Samsung Galaxy S22 SM-S901W Unlocked 128GB Pink Gold Good,$157.79,2025-10-01,https://www.ebay.com/itm/187592173451,https://i.ebayimg.com/images/g/g80AAeSwe5Zo0xkH/s-l500.webp,128 GB,Good,False,Galaxy S22,True
2,Samsung Galaxy S22 128GB 256GB Fully Unlocked - Good,$149.99,2025-10-01,https://www.ebay.com/itm/267375664465,https://i.ebayimg.com/images/g/BCgAAeSwFFdop4UX/s-l500.webp,128 GB,Good,False,Galaxy S22,True
2,"SAMSUNG Galaxy S22+ 5G (256GB, 8GB) 6.6"" Factory Unlocked (GSM + Verizon) S906U1",$260.99,2025-06-17,https://www.ebay.com/itm/135479094607,https://i.ebayimg.com/images/g/FxsAAeSwQ5lo2qbV/s-l500.webp,256 GB,Unknown,False,Galaxy S22,True
2,Excellent Samsung Galaxy S22 SM-S901U Unlocked 128GB  Black 1 Yr Wty Batt 🔋93%+,$229.87,2025-03-23,https://www.ebay.com/itm/235936649389,https://i.ebayimg.com/images/g/eQkAAOSwuRNnnAp1/s-l500.webp,128 GB,Excellent,False,Galaxy S22,True
2,Samsung Galaxy S22+ Gold 256 Good - Refurbished  - Unlocked,$196.99,2025-09-29,https://www.ebay.com/itm/127199912629,https://i.ebayimg.com/images/g/QZoAAeSwnUxo9S3Z/s-l500.webp,Unknown,Good,False,Galaxy S22,True
2,Samsung Galaxy S22 Purple 128GB Excellent - Refurbished  - Unlocked,$169.99,2025-09-28,https://www.ebay.com/itm/127264716843,https://i.ebayimg.com/images/g/hcoAAeSwx21o~URO/s-l500.webp,128 GB,Excellent,False,Galaxy S22,True
2,Samsung Galaxy S22 5G S901U 256GB for AT&T (Cricket/H2O/PureTalk) Very Good,$149.99,2025-09-28,https://www.ebay.com/itm/326788947812,https://i.ebayimg.com/images/g/Xp4AAOSwJ4ZjBY2-/s-l500.webp,256 GB,Very Good,False,Galaxy S22,True
2,Samsung Galaxy S22 Factory Unlocked *Choose Color & Storage - Excellent,$259.99,2025-09-28,https://www.ebay.com/itm/226748148951,https://i.ebayimg.com/images/g/W4cAAOSwEeBoJLLs/s-l500.webp,Unknown,Excellent,False,Galaxy S22,True
2,Samsung Galaxy S22 5G SM-S901U - 128GB - Black (Unlocked) - Very Good Condition,$155.24,2025-09-27,https://www.ebay.com/itm/306420219094,https://i.ebayimg.com/images/g/cgIAAOSwIdJli951/s-l500.webp,128 GB,Very Good,False,Galaxy S22,True
2,Samsung Galaxy S22 - 128GB - Green - Fully Unlocked 5G Smartphone - Good,$159.99,2025-09-27,https://www.ebay.com/itm/257044453124,https://i.ebayimg.com/images/g/~t0AAOSwXBhnNQiV/s-l500.webp,128 GB,Good,False,Galaxy S22,True
2,Samsung Galaxy S22 5G Phantom Black 256GB Unlocked - Excellent,$189.99,2025-09-27,https://www.ebay.com/itm/286755306419,https://i.ebayimg.com/images/g/aMoAAeSwJ99oljz5/s-l500.webp,256 GB,Excellent,False,Galaxy S22,True
2,Samsung Galaxy S22 5G 128GB FACTORY UNLOCKED - VERY GOOD (9/10),$182.00,2025-09-27,https://www.ebay.com/itm/326586189405,https://i.ebayimg.com/images/g/0f8AAOSwHPtnYc2G/s-l500.webp,128 GB,Very Good,False,Galaxy S22,True
2,Samsung Galaxy S22+ SM-S906E Unlocked 128GB Phantom Black Good,$178.47,2025-09-26,https://www.ebay.com/itm/197708158119,https://i.ebayimg.com/images/g/PVkAAeSwRkRozCEK/s-l500.webp,128 GB,Good,False,Galaxy S22,True
2,Samsung Galaxy S22 5G 128GB Pink Gold (UNLOCKED) SM-S901U Excellent Refurbished,$184.99,2025-09-25,https://www.ebay.com/itm/145183716773,https://i.ebayimg.com/images/g/WQgAAOSwbPtkY~Xs/s-l500.webp,128 GB,Excellent,False,Galaxy S22,True
2,Samsung Galaxy S22+ 256GB (Unlocked) - Phantom Black,$239.95,2025-09-25,https://www.ebay.com/itm/316631511300,https://i.ebayimg.com/images/g/m3kAAeSwKDVpAQRq/s-l500.webp,256 GB,Unknown,False,Galaxy S22,True
2,Samsung Galaxy S22+ Plus  (SM-S906U) 256GB | Black | UNLOCKED | Very Good Refurb,$215.99,2025-09-24,https://www.ebay.com/itm/145933147037,https://i.ebayimg.com/images/g/sZoAAOSwXsdkFNb8/s-l500.webp,256 GB,Very Good,False,Galaxy S22,True
2,Samsung Galaxy S22 Purple 256GB Good - Refurbished  - Unlocked,$187.99,2025-08-18,https://www.ebay.com/itm/127201432807,https://i.ebayimg.com/images/g/mvMAAeSwaJto0XW7/s-l500.webp,256 GB,Good,False,Galaxy S22,True
2,Samsung Galaxy S22+ Green 256 Very Good - Refurbished  - Unlocked,$212.99,2025-08-11,https://www.ebay.com/itm/127201422484,https://i.ebayimg.com/images/g/RUMAAeSwhlNo0ER9/s-l500.webp,Unknown,Very Good,False,Galaxy S22,True
2,Samsung Galaxy S22+ SM-S906U1 Unlocked 128GB Green Good,$185.28,2025-09-24,https://www.ebay.com/itm/186586668857,https://i.ebayimg.com/images/g/fjkAAOSwvPNmn~w0/s-l500.webp,128 GB,Good,False,Galaxy S22,True
2,Samsung Galaxy S22+ Green 128 Very Good - Refurbished  - Unlocked,$189.99,2025-08-22,https://www.ebay.com/itm/127199857427,https://i.ebayimg.com/images/g/iXkAAeSwlNBoqN9M/s-l500.webp,Unknown,Very Good,False,Galaxy S22,True
2,Samsung Galaxy S22 5G S901U Verizon Straight Talk Unlocked T-Mobile AT&T Mint,$159.99,2025-08-27,https://www.ebay.com/itm/236191338214,https://i.ebayimg.com/images/g/DHEAAOSwQ3hkWT3u/s-l500.webp,Unknown,Unknown,False,Galaxy S22,True
2,Samsung Galaxy S22 SM-S901U Unlocked 128GB Phantom White Good,$166.35,2025-09-22,https://www.ebay.com/itm/176486243839,https://i.ebayimg.com/images/g/KdoAAOSwj61mn-O~/s-l500.webp,128 GB,Good,False,Galaxy S22,True
2,Samsung Galaxy S22+ SM-S906E Unlocked 128GB Green Good,$223.28,2025-09-22,https://www.ebay.com/itm/177306102924,https://i.ebayimg.com/images/g/bsgAAeSw3dVoi~BB/s-l500.webp,128 GB,Good,False,Galaxy S22,True
3,Samsung Galaxy S22+ SM-S906E Unlocked 128GB Green Good,$223.28,2025-09-22,https://www.ebay.com/itm/177306102924,https://i.ebayimg.com/images/g/bsgAAeSw3dVoi~BB/s-l500.webp,128 GB,Good,False,Galaxy S22,True
3,Samsung Galaxy S22 (5G) - 256GB Green *UNLOCKED* [SM-S901U] Good Refurbished,$179.99,2025-09-22,https://www.ebay.com/itm/146426784441,https://i.ebayimg.com/images/g/G84AAOSwbzVmIr4i/s-l500.webp,256 GB,Good,False,Galaxy S22,True
3,Samsung Galaxy S22 128GB S901U UNLOCKED - Very Good Black,$168.99,2025-09-21,https://www.ebay.com/itm/116761672903,https://i.ebayimg.com/images/g/dSEAAeSw1mdotxnV/s-l500.webp,128 GB,Very Good,False,Galaxy S22,True
3,Samsung Galaxy S22 - 128GB 256GB - All Colors - Good Condition,$149.00,2025-09-21,https://www.ebay.com/itm/276450670604,https://i.ebayimg.com/images/g/6F0AAOSwb9VmNUQi/s-l500.webp,128 GB,Good,False,Galaxy S22,True
3,Samsung Galaxy S22+ (S906U/U1) 256GB (Unlocked) Excellent Condition,$234.99,2025-09-21,https://www.ebay.com/itm/256997618263,https://i.ebayimg.com/images/g/EiEAAeSwcehobDQu/s-l500.webp,256 GB,Excellent,False,Galaxy S22,True
3,Samsung Galaxy S22 128GB Unlocked (SM-S901U1) Excellent Refurbished,$179.99,2025-09-20,https://www.ebay.com/itm/226824133548,https://i.ebayimg.com/images/g/F50AAOSwtS9oVHve/s-l500.webp,128 GB,Excellent,False,Galaxy S22,True
3,Samsung Galaxy S22 Gold 256GB Very Good - Refurbished  - Unlocked,$208.99,2025-08-03,https://www.ebay.com/itm/127195091114,https://i.ebayimg.com/images/g/ZgoAAeSw61JozdvK/s-l500.webp,256 GB,Very Good,False,Galaxy S22,True
3,Samsung Galaxy S22 Green 128GB Excellent - Refurbished  - Unlocked,$169.99,2025-09-19,https://www.ebay.com/itm/127363505797,https://i.ebayimg.com/images/g/3ycAAeSwHxpozQD~/s-l500.webp,128 GB,Excellent,False,Galaxy S22,True
3,Samsung Galaxy S22 128GB Unlocked AT&T T-Mobile Verizon Excellent Condition,$191.95,2025-09-18,https://www.ebay.com/itm/297148559685,https://i.ebayimg.com/images/g/uQ0AAOSwhIJn4v-M/s-l500.webp,128 GB,Excellent,False,Galaxy S22,True
3,Samsung Galaxy S22 5G SM-S901U - 128GB - Black (Unlocked) - Very Good Condition,$164.99,2025-09-18,https://www.ebay.com/itm/306254050894,https://i.ebayimg.com/images/g/cgIAAOSwIdJli951/s-l500.webp,128 GB,Very Good,False,Galaxy S22,True
3,Samsung Galaxy S22 128 GB Graphite (Unlocked)AT&T VERIZON T-Mobile VERY GOOD,$181.88,2025-09-18,https://www.ebay.com/itm/187448553917,https://i.ebayimg.com/images/g/ezAAAOSwyKZoOgs5/s-l500.webp,128 GB,Very Good,False,Galaxy S22,True
3,Samsung Galaxy S22 White 256GB Good - Refurbished  - Unlocked,$197.99,2025-08-18,https://www.ebay.com/itm/127244140684,https://i.ebayimg.com/images/g/qP4AAeSwcHZouJdA/s-l500.webp,256 GB,Good,False,Galaxy S22,True
3,Samsung Galaxy S22 White 256GB Very Good - Refurbished  - Unlocked,$208.99,2025-08-03,https://www.ebay.com/itm/127187183757,https://i.ebayimg.com/images/g/F6kAAeSwWNVorwz-/s-l500.webp,256 GB,Very Good,False,Galaxy S22,True
3,Samsung Galaxy S22 Black 128GB Excellent - Refurbished  - Unlocked,$169.99,2025-08-18,https://www.ebay.com/itm/127187183294,https://i.ebayimg.com/images/g/gm8AAeSwEC9os9gz/s-l500.webp,128 GB,Excellent,False,Galaxy S22,True
3,Samsung Galaxy S22 SM-S901U 5G - 256GB Unlocked Smartphone - Very Good,$197.99,2025-09-16,https://www.ebay.com/itm/316311176586,https://i.ebayimg.com/images/g/lGcAAOSwbgxjYuVQ/s-l500.webp,256 GB,Very Good,False,Galaxy S22,True
3,"SAMSUNG Galaxy S22 5G (256GB, 8GB) 6.1"" Factory Unlocked (GSM + Verizon) S901U1",$279.99,2025-09-16,https://www.ebay.com/itm/155253807036,https://i.ebayimg.com/images/g/M28AAeSwx09oL1CR/s-l500.webp,256 GB,Unknown,False,Galaxy S22,True
3,Samsung Galaxy S22+ Plus S906U 128GB Unlocked - Excellent,$213.99,2025-09-15,https://www.ebay.com/itm/226859147448,https://i.ebayimg.com/images/g/Q5QAAeSw2m9oeUOv/s-l500.webp,128 GB,Excellent,False,Galaxy S22,True
3,Samsung Galaxy S22 S901U 5G Verizon Unlocked T-Mobile Mint Boost Straight Talk,$159.99,2025-08-09,https://www.ebay.com/itm/257009660011,https://i.ebayimg.com/images/g/tHIAAOSwMyZoFOUl/s-l500.webp,Unknown,Unknown,False,Galaxy S22,True
3,Samsung Galaxy S22 (5G)  256GB Black *UNLOCKED* [SM-S901U] Excellent Refurbished,$216.99,2025-09-13,https://www.ebay.com/itm/146019809384,https://i.ebayimg.com/images/g/cBkAAOSwAY5kZnAE/s-l500.webp,256 GB,Excellent,False,Galaxy S22,True
3,Samsung Galaxy S22+ 128GB S906U Unlocked - Very Good White,$189.99,2025-09-13,https://www.ebay.com/itm/116754600934,https://i.ebayimg.com/images/g/MX0AAeSwcxNosIiD/s-l500.webp,128 GB,Very Good,False,Galaxy S22,True
3,Samsung Galaxy S22 5G S901U 128GB Unlocked - Excellent,$204.99,2025-09-12,https://www.ebay.com/itm/226278969708,https://i.ebayimg.com/images/g/X5wAAOSwhhZis4bI/s-l500.webp,128 GB,Excellent,False,Galaxy S22,True
3,"Samsung Galaxy S22 5G 128GB 6.1"" Smartphone - VERY GOOD",$164.00,2025-09-11,https://www.ebay.com/itm/326376918927,https://i.ebayimg.com/images/g/0f8AAOSwHPtnYc2G/s-l500.webp,128 GB,Very Good,False,Galaxy S22,True
3,Samsung Galaxy S22+ 5G - Factory Unlocked - 128GB - Black - Very Good,$185.00,2025-09-11,https://www.ebay.com/itm/275757407911,https://i.ebayimg.com/images/g/ftcAAOSwullirPZM/s-l500.webp,128 GB,Very Good,False,Galaxy S22,True
3,Samsung Galaxy S22+ SM-S906W Unlocked 128GB Phantom Black Good,$178.47,2025-09-10,https://www.ebay.com/itm/186932340778,https://i.ebayimg.com/images/g/sEkAAeSwKgdnpQUz/s-l500.webp,128 GB,Good,False,Galaxy S22,True
3,Samsung Galaxy S22 SM-S901U Unlocked 128GB Pink Gold Good,$163.99,2025-09-10,https://www.ebay.com/itm/196518622933,https://i.ebayimg.com/images/g/a2gAAOSwdJZmn-Y3/s-l500.webp,128 GB,Good,False,Galaxy S22,True
3,Samsung Galaxy S22+ SM-S906U Unlocked 256GB Pink Gold Good,$209.12,2025-09-10,https://www.ebay.com/itm/176486239585,https://i.ebayimg.com/images/g/~78AAOSwgwlmn-MG/s-l500.webp,256 GB,Good,False,Galaxy S22,True
3,Samsung Galaxy S22+ SM-S906E Unlocked 256GB Phantom Black Good,$262.62,2025-09-09,https://www.ebay.com/itm/176487989215,https://i.ebayimg.com/images/g/f-IAAOSwwjZmoTWF/s-l500.webp,256 GB,Good,False,Galaxy S22,True
3,Samsung Galaxy S22 SM-S901U Unlocked 256GB Green Good,$194.86,2025-09-09,https://www.ebay.com/itm/196518606165,https://i.ebayimg.com/images/g/iOQAAOSwMQ9mn-Nr/s-l500.webp,256 GB,Good,False,Galaxy S22,True
3,Samsung Galaxy S22 SM-S9010 Unlocked 256GB Phantom White Good,$194.86,2025-09-09,https://www.ebay.com/itm/187553863899,https://i.ebayimg.com/images/g/zpsAAeSwb95ov1Qs/s-l500.webp,256 GB,Good,False,Galaxy S22,True
3,Samsung Galaxy S22 5G 128GB Pink Gold Unlocked Good Condition,$174.49,2025-09-07,https://www.ebay.com/itm/356934940753,https://i.ebayimg.com/images/g/A~kAAeSwE0ZoLO1I/s-l500.webp,128 GB,Good,False,Galaxy S22,True
3,Samsung Galaxy S22 SM-S901W Unlocked 256GB Phantom Black Good,$184.29,2025-09-08,https://www.ebay.com/itm/187295030682,https://i.ebayimg.com/images/g/MoIAAeSwFy9oQhMA/s-l500.webp,256 GB,Good,False,Galaxy S22,True
3,Samsung Galaxy S22 5G SM-S901U - 256GB - Phantom Black (Unlocked) - Good Cond.,$189.99,2025-09-07,https://www.ebay.com/itm/306483369586,https://i.ebayimg.com/images/g/ShgAAeSwNttotWhJ/s-l500.webp,256 GB,Good,False,Galaxy S22,True
3,Samsung Galaxy S22 S901U 5G Verizon Unlocked T-Mobile  Mint Boost AT&T Cricket B,$150.39,2025-09-07,https://www.ebay.com/itm/286624810650,https://i.ebayimg.com/images/g/tHIAAOSwMyZoFOUl/s-l500.webp,Unknown,Unknown,False,Galaxy S22,True
3,Samsung S901U Galaxy S22 5G Unlocked Smartphone 128GB - Purple,$196.00,2025-09-06,https://www.ebay.com/itm/127352099269,https://i.ebayimg.com/images/g/l18AAeSwm8NouhpE/s-l500.webp,128 GB,Unknown,False,Galaxy S22,True
3,Samsung Galaxy S22 (5G)  256GB White *UNLOCKED* [SM-S901U] Very Good Refurbished,$195.00,2025-09-05,https://www.ebay.com/itm/146060293401,https://i.ebayimg.com/images/g/qb8AAOSwC81m9xfe/s-l500.webp,256 GB,Very Good,False,Galaxy S22,True
3,Samsung Galaxy S22 5G 128GB Green Unlocked Very Good Condition,$189.99,2025-09-05,https://www.ebay.com/itm/295113229122,https://i.ebayimg.com/images/g/CjUAAOSwKIFkwAsW/s-l500.webp,128 GB,Very Good,False,Galaxy S22,True
3,Samsung Galaxy S22 (Unlocked) SM-S901U - 256GB Black - Very Good,$192.26,2025-09-04,https://www.ebay.com/itm/226956719563,https://i.ebayimg.com/images/g/JDEAAeSw0ApouKFc/s-l500.webp,256 GB,Very Good,False,Galaxy S22,True
3,Samsung Galaxy S22+ Plus Unlocked 128GB 256GB - Good,$169.99,2025-09-04,https://www.ebay.com/itm/267375655363,https://i.ebayimg.com/images/g/EWgAAeSw4UBop4LI/s-l500.webp,128 GB,Good,False,Galaxy S22,True
3,Samsung Galaxy S22 SM-S901U Unlocked 128GB Phantom Black Very Good,$194.86,2025-09-03,https://www.ebay.com/itm/176486281964,https://i.ebayimg.com/images/g/1ogAAOSwJWFmn-hC/s-l500.webp,128 GB,Very Good,False,Galaxy S22,True
3,Samsung Galaxy S22+ Plus 5G S906U 128GB Black (Unlocked) - Good,$197.99,2025-09-03,https://www.ebay.com/itm/167731038615,https://i.ebayimg.com/images/g/WEAAAeSwxBNopi-e/s-l500.webp,128 GB,Good,False,Galaxy S22,True
3,Samsung Galaxy S22+ PLUS 128GB BLACK  UNLOCKED Very Good Condition,$188.99,2025-09-03,https://www.ebay.com/itm/116750207827,https://i.ebayimg.com/images/g/4DIAAeSwkRdorJj8/s-l500.webp,128 GB,Very Good,False,Galaxy S22,True
3,Samsung Galaxy S22+ PLUS 256GB SM-S906U1 WHITE (Unlocked) #Y807,$214.00,2025-09-02,https://www.ebay.com/itm/127336107746,https://i.ebayimg.com/images/g/tdMAAeSwWrJor8sw/s-l500.webp,256 GB,Unknown,False,Galaxy S22,True
3,Samsung Galaxy S22 5G 128GB Smartphone - VERY GOOD,$164.00,2025-09-02,https://www.ebay.com/itm/326467270090,https://i.ebayimg.com/images/g/0f8AAOSwHPtnYc2G/s-l500.webp,128 GB,Very Good,False,Galaxy S22,True
3,Samsung Galaxy S22+ Plus 5G S906U Unlocked 128GB 256GB - Excellent,$228.99,2025-09-02,https://www.ebay.com/itm/225041509407,https://i.ebayimg.com/images/g/X5wAAOSwhhZis4bI/s-l500.webp,128 GB,Excellent,False,Galaxy S22,True
3,Samsung Galaxy S22 - 128GB - Phantom White - Fully Unlocked 5G - Good,$159.99,2025-09-01,https://www.ebay.com/itm/257044462495,https://i.ebayimg.com/images/g/j-kAAeSwfXhoi9Nj/s-l500.webp,128 GB,Good,False,Galaxy S22,True
3,Samsung Galaxy S22 S901U 128GB Phantom Black Android (Unlocked) - Good,$160.99,2025-09-01,https://www.ebay.com/itm/156152867070,https://i.ebayimg.com/images/g/sTMAAOSwJXBmDusW/s-l500.webp,128 GB,Good,False,Galaxy S22,True
3,Samsung Galaxy S22+ SM-S906U Unlocked 128GB Pink Gold Good,$218.82,2025-09-01,https://www.ebay.com/itm/176486810072,https://i.ebayimg.com/images/g/8JMAAOSwV2lmoGG2/s-l500.webp,128 GB,Good,False,Galaxy S22,True
3,"Samsung Galaxy S22 (5G) SM-S901U 128GB GSM/CDMA FACTORY UNLOCKED ""Good""",$184.88,2025-08-31,https://www.ebay.com/itm/296200320253,https://i.ebayimg.com/images/g/SpAAAOSw~MFlu~8F/s-l500.webp,128 GB,Good,False,Galaxy S22,True
3,Samsung Galaxy S22+ PLUS 256GB SM-S906U1 WHITE (Unlocked) #Y852,$219.00,2025-08-30,https://www.ebay.com/itm/127336102942,https://i.ebayimg.com/images/g/qyYAAeSwgJdor8pa/s-l500.webp,256 GB,Unknown,False,Galaxy S22,True
3,Samsung Galaxy S22 128GB S901U Violet Unlocked - Excellent,$179.95,2025-08-30,https://www.ebay.com/itm/127290288632,https://i.ebayimg.com/images/g/sWkAAOSwfd9oQF5i/s-l500.webp,128 GB,Excellent,False,Galaxy S22,True
3,Samsung Galaxy S22+ 128GB Unlocked - Pink Gold (SM-S906U1) Excellent Refurbished,$279.99,2025-08-30,https://www.ebay.com/itm/226823905347,https://i.ebayimg.com/images/g/DYQAAOSwh99oVE9Z/s-l500.webp,128 GB,Excellent,False,Galaxy S22,True
3,Samsung Galaxy S22+ 5G SM-S906U 128GB UNLOCKED Very Good Black,$184.99,2025-08-30,https://www.ebay.com/itm/116753280108,https://i.ebayimg.com/images/g/vbkAAeSwaClor0rV/s-l500.webp,128 GB,Very Good,False,Galaxy S22,True
3,Samsung Galaxy S22 5G 256GB Green Unlocked Good Condition,$189.99,2025-08-28,https://www.ebay.com/itm/277148112854,https://i.ebayimg.com/images/g/ARgAAeSwymlo-FO-/s-l500.webp,256 GB,Good,False,Galaxy S22,True
3,Samsung Galaxy S22 (5G) - 256GB Black *UNLOCKED* [SM-S901U] Good Refurbished,$169.99,2025-08-28,https://www.ebay.com/itm/146060309836,https://i.ebayimg.com/images/g/nS8AAOSw4vhm9xlk/s-l500.webp,256 GB,Good,False,Galaxy S22,True
3,Samsung Galaxy S22 (5G) - 256GB Pink *UNLOCKED* [SM-S901U] Very Good Refurbished,$181.99,2025-08-28,https://www.ebay.com/itm/146060292064,https://i.ebayimg.com/images/g/gqIAAOSw6MVlvo-n/s-l500.webp,256 GB,Very Good,False,Galaxy S22,True
3,Samsung Galaxy S22+ Plus S906U 128GB Unlocked - Good,$177.99,2025-08-26,https://www.ebay.com/itm/226915538376,https://i.ebayimg.com/images/g/5zcAAeSw9GBoeUPD/s-l500.webp,128 GB,Good,False,Galaxy S22,True
3,Samsung Galaxy S22 SM-S901B Unlocked 128GB Violet Good,$204.24,2025-08-26,https://www.ebay.com/itm/187295034269,https://i.ebayimg.com/images/g/K84AAeSwe9JoQhOu/s-l500.webp,128 GB,Good,False,Galaxy S22,True
3,Samsung Galaxy S22+ PLUS 128GB PHANTOM WHITE UNLOCKED,$189.99,2025-08-25,https://www.ebay.com/itm/116750151503,https://i.ebayimg.com/images/g/h2kAAeSwOKRorI3v/s-l500.webp,128 GB,Unknown,False,Galaxy S22,True
3,Samsung Galaxy S22 5G SM-S901U - 128GB - White (Unlocked) - Very Good Condition,$189.99,2025-08-25,https://www.ebay.com/itm/306459319917,https://i.ebayimg.com/images/g/B4cAAeSwarFooDPe/s-l500.webp,128 GB,Very Good,False,Galaxy S22,True
3,Samsung Galaxy S22 5G 256GB Pink Gold Unlocked Good Condition,$189.99,2025-08-25,https://www.ebay.com/itm/286570798039,https://i.ebayimg.com/images/g/9ZYAAeSwICxo-FRa/s-l500.webp,256 GB,Good,False,Galaxy S22,True
3,"Samsung Galaxy S22 S901U 6.1"" 256GB Unlocked 5G 50MP NFC WiFi 6E Phantom White",$209.99,2025-08-24,https://www.ebay.com/itm/197592154549,https://i.ebayimg.com/images/g/bjAAAOSwiepmRakR/s-l500.webp,256 GB,Unknown,False,Galaxy S22,True
3,Samsung Galaxy S22 5G SM-S901U - 128GB - Black (Unlocked) - Good Condition,$149.99,2025-08-23,https://www.ebay.com/itm/306235308286,https://i.ebayimg.com/images/g/yygAAOSwFslm-~Mz/s-l500.webp,128 GB,Good,False,Galaxy S22,True
3,Samsung Galaxy S22+ Plus 5G Factory Unlocked SM-S906U1 - Pristine Condition,$369.99,2025-08-23,https://www.ebay.com/itm/185430308202,https://i.ebayimg.com/images/g/GxEAAOSw4khmvPwH/s-l500.webp,Unknown,Unknown,False,Galaxy S22,True
3,Samsung Galaxy S22 5G - 256GB - Factory Unlocked - Black - Very Good,$199.00,2025-08-23,https://www.ebay.com/itm/276297915462,https://i.ebayimg.com/images/g/-LgAAOSwL3ti1urs/s-l500.webp,256 GB,Very Good,False,Galaxy S22,True
3,Samsung Galaxy S22+ PLUS 256GB SM-S906U1 WHITE (Unlocked) #Y546,$214.00,2025-08-22,https://www.ebay.com/itm/116722820320,https://i.ebayimg.com/images/g/cPMAAeSwJ99ok8AZ/s-l500.webp,256 GB,Unknown,False,Galaxy S22,True
3,Samsung Galaxy S22 5G - 256GB Bora Purple *UNLOCKED* [SM-S901U] Excellent Refurb,$214.99,2025-08-21,https://www.ebay.com/itm/146716547083,https://i.ebayimg.com/images/g/fuUAAOSwV~NkKvI1/s-l500.webp,256 GB,Excellent,False,Galaxy S22,True
3,Samsung Galaxy S22 SM-S901U T-Mobile Unlocked 128GB Phantom Black Very Good,$194.99,2025-08-20,https://www.ebay.com/itm/176486808567,https://i.ebayimg.com/images/g/SbMAAOSwyUJmoGF9/s-l500.webp,128 GB,Very Good,False,Galaxy S22,True
3,Samsung Galaxy S22 5G SM-S901U - 128GB - Phantom Black (Unlocked) - Good Cond.,$155.14,2025-08-20,https://www.ebay.com/itm/306421287529,https://i.ebayimg.com/images/g/yygAAOSwFslm-~Mz/s-l500.webp,128 GB,Good,False,Galaxy S22,True
3,Samsung Galaxy S22+ -PLUS 256 =GB SM-S906U1 Pink Gold (Unlocked) #Y460,$224.00,2025-08-18,https://www.ebay.com/itm/146734958012,https://i.ebayimg.com/images/g/cGoAAeSwTadohqRi/s-l500.webp,Unknown,Unknown,False,Galaxy S22,True
3,"Samsung Galaxy S22+ PLUS 128GB 5G 6.6"" Smartphone - VERY GOOD",$218.00,2025-08-18,https://www.ebay.com/itm/226414207670,https://i.ebayimg.com/images/g/ZRQAAOSwWuJlpsL1/s-l500.webp,128 GB,Very Good,False,Galaxy S22,True
3,Samsung Galaxy S22 (5G) - 128GB Pink *UNLOCKED* [SM-S901U] Very Good Refurbished,$170.99,2025-08-17,https://www.ebay.com/itm/145612601351,https://i.ebayimg.com/images/g/gqIAAOSw6MVlvo-n/s-l500.webp,128 GB,Very Good,False,Galaxy S22,True
3,Samsung Galaxy S22+ SM-S906U Unlocked 256GB Phantom White Good,$228.13,2025-08-15,https://www.ebay.com/itm/176486229418,https://i.ebayimg.com/images/g/49YAAOSwcatmn-FT/s-l500.webp,256 GB,Good,False,Galaxy S22,True
3,Samsung Galaxy S22+ Plus 256GB Pink Gold | UNLOCKED (SM-S906U) Very Good Refurb,$200.99,2025-08-13,https://www.ebay.com/itm/145007328983,https://i.ebayimg.com/images/g/TDUAAOSwlQNkHPPV/s-l500.webp,256 GB,Very Good,False,Galaxy S22,True
3,Samsung Galaxy S22+ Plus 5G SM-S906U1 256GB Unlocked AT&T T-Mobile Good Refurb,$196.99,2025-08-13,https://www.ebay.com/itm/205349342104,https://i.ebayimg.com/images/g/9eoAAOSwBFJjPcD9/s-l500.webp,256 GB,Good,False,Galaxy S22,True
3,Samsung Galaxy S22+ PLUS 5G 128GB | 256GB FACTORY UNLOCKED Smartphone- GOOD,$198.00,2025-08-11,https://www.ebay.com/itm/235563811496,https://i.ebayimg.com/images/g/ZRQAAOSwWuJlpsL1/s-l500.webp,128 GB,Good,False,Galaxy S22,True
3,Samsung Galaxy S22 5G SM-S901U - 256GB - Phantom Black (Unlocked) - Good Cond.,$180.32,2025-08-10,https://www.ebay.com/itm/306280354738,https://i.ebayimg.com/images/g/MsUAAOSwMldoAQgL/s-l500.webp,256 GB,Good,False,Galaxy S22,True
3,"Samsung Galaxy S22 5G 128GB 6.1"" Smartphone - EXCELLENT",$228.00,2025-08-08,https://www.ebay.com/itm/226501317571,https://i.ebayimg.com/images/g/0f8AAOSwHPtnYc2G/s-l500.webp,128 GB,Excellent,False,Galaxy S22,True
3,Samsung Galaxy S22 5G Phantom Black 128GB Unlocked - Good Cond w/ Burn In,$149.99,2025-08-07,https://www.ebay.com/itm/277258595879,https://i.ebayimg.com/images/g/TZsAAeSwfQdobRxm/s-l500.webp,128 GB,Good,False,Galaxy S22,True
3,"Samsung Galaxy S22+ PLUS 256GB 5G 6.6"" Smartphone - VERY GOOD",$238.00,2025-08-06,https://www.ebay.com/itm/235799292495,https://i.ebayimg.com/images/g/ZRQAAOSwWuJlpsL1/s-l500.webp,256 GB,Very Good,False,Galaxy S22,True
3,Samsung Galaxy S22+ 256GB (Unlocked) - Phantom White,$199.98,2025-08-05,https://www.ebay.com/itm/365777660158,https://i.ebayimg.com/images/g/zxYAAeSw77NpAUGf/s-l500.webp,256 GB,Unknown,False,Galaxy S22,True
3,Samsung Galaxy S22 5G SM-S901U - 128GB - Bora Purple (Unlocked) - Good Cond.,$163.15,2025-08-05,https://www.ebay.com/itm/306369728645,https://i.ebayimg.com/images/g/Ur0AAOSwLmFoVmfg/s-l500.webp,128 GB,Good,False,Galaxy S22,True
3,Samsung Galaxy S22 5G SM-S901U - 128GB - Black (Unlocked) - Good Cond.,$159.34,2025-08-04,https://www.ebay.com/itm/306370788878,https://i.ebayimg.com/images/g/yygAAOSwFslm-~Mz/s-l500.webp,128 GB,Good,False,Galaxy S22,True
3,Samsung Galaxy S22+ PLUS 5G 256GB FACTORY UNLOCKED Smartphone - GOOD,$226.00,2025-08-03,https://www.ebay.com/itm/226452215223,https://i.ebayimg.com/images/g/ZRQAAOSwWuJlpsL1/s-l500.webp,256 GB,Good,False,Galaxy S22,True
